[2026-05-15 18:55] Sessione terminata — dir: /home/genolele22
[2026-05-15 18:56] Sessione terminata — dir: /home/genolele22
[2026-05-15 18:57] Sessione terminata — dir: /home/genolele22
[2026-05-15 19:01] Sessione terminata — dir: /home/genolele22
[2026-05-15 19:02] Sessione terminata — dir: /home/genolele22
[2026-05-25 17:35] Sessione terminata — dir: /home/genolele22
[2026-05-25 17:42] Sessione terminata — dir: /home/genolele22
[2026-05-25 17:50] Sessione terminata — dir: /home/genolele22
[2026-05-25 18:02] Sessione terminata — dir: /home/genolele22
[2026-05-25 18:02] Sessione terminata — dir: /home/genolele22
[2026-05-25 18:03] Sessione terminata — dir: /home/genolele22
[2026-05-25 18:16] Sessione terminata — dir: /home/genolele22
[2026-05-25 18:18] Sessione terminata — dir: /home/genolele22
[2026-05-25 18:18] Sessione terminata — dir: /home/genolele22
[2026-05-25 18:22] Sessione terminata — dir: /home/genolele22
[2026-05-25 18:26] Sessione terminata — dir: /home/genolele22
[2026-05-25 18:26] Sessione terminata — dir: /home/genolele22
[2026-05-25 18:26] Sessione terminata — dir: /home/genolele22
[2026-05-25 18:28] Sessione terminata — dir: /home/genolele22
[2026-05-25 18:29] Sessione terminata — dir: /home/genolele22
[2026-05-25 18:30] Sessione terminata — dir: /home/genolele22
[2026-05-25 18:30] Sessione terminata — dir: /home/genolele22
[2026-05-25 18:32] Sessione terminata — dir: /home/genolele22
[2026-05-25 18:32] Sessione terminata — dir: /home/genolele22
[2026-05-25 18:33] Sessione terminata — dir: /home/genolele22
[2026-05-25 18:34] Sessione terminata — dir: /home/genolele22
[2026-05-25 18:35] Sessione terminata — dir: /home/genolele22
[2026-05-25 18:36] Sessione terminata — dir: /home/genolele22
[2026-05-25 18:37] Sessione terminata — dir: /home/genolele22
[2026-05-25 18:38] Sessione terminata — dir: /home/genolele22
[2026-05-25 18:39] Sessione terminata — dir: /home/genolele22
[2026-05-25 18:43] Sessione terminata — dir: /home/genolele22
[2026-05-25 18:44] Sessione terminata — dir: /home/genolele22
[2026-05-25 18:45] Sessione terminata — dir: /home/genolele22
[2026-05-25 18:47] Sessione terminata — dir: /home/genolele22
[2026-05-25 18:49] Sessione terminata — dir: /home/genolele22
[2026-05-25 18:53] Sessione terminata — dir: /home/genolele22/vvf-ferie-bot
[2026-05-25 18:56] Sessione terminata — dir: /home/genolele22/vvf-ferie-bot
[2026-05-25 18:57] Sessione terminata — dir: /home/genolele22/vvf-ferie-bot
[2026-05-25 19:00] Sessione terminata — dir: /home/genolele22/vvf-ferie-bot
[2026-05-25 19:05] Sessione terminata — dir: /home/genolele22/vvf-ferie-bot
[2026-05-25 19:06] Sessione terminata — dir: /home/genolele22/vvf-ferie-bot
[2026-05-25 19:07] Sessione terminata — dir: /home/genolele22/vvf-ferie-bot
[2026-05-25 19:17] Sessione terminata — dir: /home/genolele22/vvf-ferie-bot
[2026-05-25 19:17] Sessione terminata — dir: /home/genolele22/vvf-ferie-bot
[2026-05-25 19:23] Sessione terminata — dir: /home/genolele22/vvf-gestionale
[2026-05-25 19:27] Sessione terminata — dir: /home/genolele22/vvf-gestionale
[2026-05-25 19:35] Sessione terminata — dir: /home/genolele22/vvf-gestionale
[2026-05-25 19:36] Sessione terminata — dir: /home/genolele22/vvf-gestionale
[2026-05-25 19:41] Sessione terminata — dir: /home/genolele22/vvf-gestionale
[2026-05-25 19:44] Sessione terminata — dir: /home/genolele22/vvf-gestionale
[2026-05-25 19:53] Sessione terminata — dir: /home/genolele22/vvf-ferie-bot
[2026-05-25 19:54] Sessione terminata — dir: /home/genolele22/vvf-ferie-bot
[2026-05-28 09:49] Sessione terminata — dir: /home/genolele22
[2026-05-28 09:51] Sessione terminata — dir: /home/genolele22
[2026-05-28 09:54] Sessione terminata — dir: /home/genolele22
[2026-05-28 09:55] Sessione terminata — dir: /home/genolele22
[2026-05-28 11:53] Sessione terminata — dir: /home/genolele22
[2026-05-28 11:54] Sessione terminata — dir: /home/genolele22
[2026-05-28 11:57] Sessione terminata — dir: /home/genolele22
[2026-05-28 12:04] Sessione terminata — dir: /home/genolele22
[2026-05-28 12:06] Sessione terminata — dir: /home/genolele22
[2026-05-28 12:27] Sessione terminata — dir: /home/genolele22
[2026-05-28 12:44] Sessione terminata — dir: /home/genolele22
[2026-05-28 12:46] Sessione terminata — dir: /home/genolele22
[2026-05-28 12:52] Sessione terminata — dir: /home/genolele22
[2026-05-28 13:02] Sessione terminata — dir: /home/genolele22
[2026-05-28 13:04] Sessione terminata — dir: /home/genolele22
[2026-05-28 13:10] Sessione terminata — dir: /home/genolele22
[2026-05-28 13:41] Sessione terminata — dir: /home/genolele22
[2026-05-28 13:47] Sessione terminata — dir: /home/genolele22
[2026-05-28 13:56] Sessione terminata — dir: /home/genolele22
[2026-05-28 13:59] Sessione terminata — dir: /home/genolele22
[2026-05-28 14:02] Sessione terminata — dir: /home/genolele22
[2026-05-28 14:04] Sessione terminata — dir: /home/genolele22
[2026-05-28 14:08] Sessione terminata — dir: /home/genolele22
[2026-05-28 14:11] Sessione terminata — dir: /home/genolele22
[2026-05-28 14:15] Sessione terminata — dir: /home/genolele22
[2026-05-28 14:16] Sessione terminata — dir: /home/genolele22
[2026-05-28 14:17] Sessione terminata — dir: /home/genolele22
[2026-05-28 14:19] Sessione terminata — dir: /home/genolele22
[2026-05-28 14:22] Sessione terminata — dir: /home/genolele22/progetti/the-raven
[2026-05-29 10:01] Sessione terminata — dir: /home/genolele22
[2026-05-29 10:09] Sessione terminata — dir: /home/genolele22
[2026-05-29 10:10] Sessione terminata — dir: /home/genolele22
[2026-05-29 10:12] Sessione terminata — dir: /home/genolele22
[2026-05-29 10:14] Sessione terminata — dir: /home/genolele22
[2026-05-29 10:17] Sessione terminata — dir: /home/genolele22
[2026-05-29 10:26] Sessione terminata — dir: /home/genolele22/vvf-ferie-bot
[2026-05-29 10:29] Sessione terminata — dir: /home/genolele22/vvf-ferie-bot
[2026-05-29 10:35] Sessione terminata — dir: /home/genolele22/vvf-ferie-bot
[2026-05-29 10:39] Sessione terminata — dir: /home/genolele22/vvf-ferie-bot
[2026-05-29 10:44] Sessione terminata — dir: /home/genolele22/vvf-gestionale
[2026-05-29 10:48] Sessione terminata — dir: /home/genolele22/vvf-gestionale
[2026-05-29 11:09] Sessione terminata — dir: /home/genolele22/vvf-gestionale
[2026-05-29 11:13] Sessione terminata — dir: /home/genolele22/vvf-gestionale
[2026-05-29 11:15] Sessione terminata — dir: /home/genolele22/vvf-gestionale
[2026-05-29 11:18] Sessione terminata — dir: /home/genolele22/vvf-gestionale
[2026-05-29 11:25] Sessione terminata — dir: /home/genolele22/vvf-gestionale
[2026-05-29 11:29] Sessione terminata — dir: /home/genolele22/vvf-gestionale
[2026-05-29 11:33] Sessione terminata — dir: /home/genolele22/vvf-gestionale
[2026-05-29 11:38] Sessione terminata — dir: /home/genolele22/vvf-gestionale
[2026-05-29 11:52] Sessione terminata — dir: /home/genolele22/vvf-gestionale
[2026-05-29 12:00] Sessione terminata — dir: /home/genolele22/vvf-ferie-bot
[2026-05-29 12:13] Sessione terminata — dir: /home/genolele22/vvf-gestionale
[2026-05-29 12:19] Sessione terminata — dir: /home/genolele22/vvf-gestionale
[2026-05-29 16:08] Sessione terminata — dir: /home/genolele22/vvf-gestionale
[2026-05-29 16:13] Sessione terminata — dir: /home/genolele22/vvf-ferie-bot
[2026-05-29 16:14] Sessione terminata — dir: /home/genolele22/vvf-ferie-bot
[2026-05-29 16:16] Sessione terminata — dir: /home/genolele22/vvf-ferie-bot
[2026-05-29 16:19] Sessione terminata — dir: /home/genolele22/vvf-ferie-bot
[2026-05-29 16:20] Sessione terminata — dir: /home/genolele22/vvf-ferie-bot
[2026-05-29 16:25] Sessione terminata — dir: /home/genolele22/vvf-ferie-bot
[2026-05-29 16:35] Sessione terminata — dir: /home/genolele22/vvf-ferie-bot
[2026-05-29 16:44] Sessione terminata — dir: /home/genolele22/vvf-gestionale
[2026-05-29 16:45] Sessione terminata — dir: /home/genolele22/vvf-gestionale
[2026-05-29 16:48] Sessione terminata — dir: /home/genolele22/vvf-ferie-bot
[2026-05-29 16:49] Sessione terminata — dir: /home/genolele22/vvf-ferie-bot
[2026-05-29 16:53] Sessione terminata — dir: /home/genolele22/vvf-ferie-bot
[2026-05-29 17:01] Sessione terminata — dir: /home/genolele22/vvf-ferie-bot
[2026-05-29 17:05] Sessione terminata — dir: /home/genolele22/vvf-ferie-bot
[2026-05-29 17:08] Sessione terminata — dir: /home/genolele22/vvf-ferie-bot
[2026-05-29 17:19] Sessione terminata — dir: /home/genolele22/vvf-gestionale
[2026-05-29 18:08] Sessione terminata — dir: /home/genolele22/vvf-gestionale
[2026-05-29 18:11] Sessione terminata — dir: /home/genolele22/vvf-gestionale
[2026-05-29 18:16] Sessione terminata — dir: /home/genolele22/vvf-ferie-bot
[2026-05-29 18:29] Sessione terminata — dir: /home/genolele22/vvf-gestionale
[2026-05-29 18:40] Sessione terminata — dir: /home/genolele22/vvf-gestionale
[2026-05-29 18:51] Sessione terminata — dir: /home/genolele22/vvf-gestionale
[2026-05-29 18:56] Sessione terminata — dir: /home/genolele22/vvf-gestionale
[2026-05-29 18:57] Sessione terminata — dir: /home/genolele22/vvf-gestionale
[2026-05-29 18:59] Sessione terminata — dir: /home/genolele22/vvf-gestionale
[2026-05-29 19:11] Sessione terminata — dir: /home/genolele22/vvf-gestionale
[2026-05-29 19:14] Sessione terminata — dir: /home/genolele22/vvf-gestionale
[2026-05-30 22:02] Sessione terminata — dir: /home/genolele22/vvf-ferie-bot
[2026-05-30 22:04] Sessione terminata — dir: /home/genolele22/vvf-ferie-bot
[2026-05-30 22:14] Sessione terminata — dir: /home/genolele22/vvf-gestionale
[2026-05-30 22:20] Sessione terminata — dir: /home/genolele22/vvf-gestionale
[2026-05-30 22:30] Sessione terminata — dir: /home/genolele22/vvf-gestionale
[2026-05-30 22:34] Sessione terminata — dir: /home/genolele22/vvf-gestionale
[2026-05-30 22:38] Sessione terminata — dir: /home/genolele22/vvf-gestionale
[2026-05-30 22:40] Sessione terminata — dir: /home/genolele22/vvf-gestionale
[2026-05-30 22:50] Sessione terminata — dir: /home/genolele22/vvf-gestionale
[2026-05-30 22:55] Sessione terminata — dir: /home/genolele22/vvf-gestionale
[2026-05-30 23:04] Sessione terminata — dir: /home/genolele22/vvf-gestionale
[2026-05-30 23:12] Sessione terminata — dir: /home/genolele22/vvf-gestionale
[2026-05-30 23:21] Sessione terminata — dir: /home/genolele22/vvf-gestionale
[2026-05-30 23:23] Sessione terminata — dir: /home/genolele22/vvf-gestionale
[2026-05-30 23:25] Sessione terminata — dir: /home/genolele22/vvf-gestionale
[2026-05-30 23:34] Sessione terminata — dir: /home/genolele22/vvf-ferie-bot
[2026-05-30 23:37] Sessione terminata — dir: /home/genolele22/vvf-ferie-bot
[2026-05-30 23:41] Sessione terminata — dir: /home/genolele22/vvf-ferie-bot
[2026-05-30 23:51] Sessione terminata — dir: /home/genolele22/vvf-gestionale
[2026-05-31 00:03] Sessione terminata — dir: /home/genolele22/vvf-gestionale
[2026-05-31 00:08] Sessione terminata — dir: /home/genolele22/vvf-ferie-bot
[2026-05-31 14:40] Sessione terminata — dir: /home/genolele22
[2026-05-31 14:51] Sessione terminata — dir: /home/genolele22/cervello/08-corso-disegno
[2026-05-31 15:48] Sessione terminata — dir: /home/genolele22/cervello/08-corso-disegno
[2026-05-31 16:06] Sessione terminata — dir: /home/genolele22/progetti/the-raven
[2026-06-01 09:51] Sessione terminata — dir: /home/genolele22/progetti/the-raven
[2026-06-02 10:37] Sessione terminata — dir: /home/genolele22/progetti/the-raven
[2026-06-02 10:38] Sessione terminata — dir: /home/genolele22/progetti/the-raven
[2026-06-02 10:38] Sessione terminata — dir: /home/genolele22/progetti/the-raven
[2026-06-02 10:42] Sessione terminata — dir: /home/genolele22/progetti/the-raven
[2026-06-02 11:48] Sessione terminata — dir: /home/genolele22/progetti/the-raven
[2026-06-02 11:59] Sessione terminata — dir: /home/genolele22/progetti/the-raven
[2026-06-05 15:53] Sessione terminata — dir: /home/genolele22
[2026-06-05 15:54] Sessione terminata — dir: /home/genolele22
[2026-06-05 15:59] Sessione terminata — dir: /home/genolele22/progetti/the-raven
[2026-06-05 16:02] Sessione terminata — dir: /home/genolele22/progetti/the-raven/mockups
[2026-06-05 16:39] Sessione terminata — dir: /home/genolele22/progetti/the-raven/mockups
[2026-06-05 16:43] Sessione terminata — dir: /home/genolele22/progetti/the-raven/mockups
[2026-06-05 16:51] Sessione terminata — dir: /home/genolele22/progetti/the-raven/public
[2026-06-05 16:55] Sessione terminata — dir: /home/genolele22/progetti/the-raven/public
[2026-06-05 17:07] Sessione terminata — dir: /home/genolele22/progetti/the-raven
[2026-06-05 17:09] Sessione terminata — dir: /home/genolele22/progetti/the-raven
[2026-06-06 11:03] Sessione terminata — dir: /home/genolele22
[2026-06-06 11:05] Sessione terminata — dir: /home/genolele22/vvf-ferie-bot
[2026-06-06 11:06] Sessione terminata — dir: /home/genolele22/vvf-ferie-bot
[2026-06-06 11:07] Sessione terminata — dir: /home/genolele22/vvf-ferie-bot
[2026-06-06 11:15] Sessione terminata — dir: /home/genolele22/vvf-ferie-bot
[2026-06-06 11:16] Sessione terminata — dir: /home/genolele22/vvf-gestionale
[2026-06-06 11:29] Sessione terminata — dir: /home/genolele22/vvf-gestionale
[2026-06-06 11:34] Sessione terminata — dir: /home/genolele22/vvf-gestionale
[2026-06-06 11:35] Sessione terminata — dir: /home/genolele22/vvf-gestionale
[2026-06-06 14:57] Sessione terminata — dir: /home/genolele22/vvf-gestionale
[2026-06-06 15:03] Sessione terminata — dir: /home/genolele22/vvf-gestionale
[2026-06-06 15:07] Sessione terminata — dir: /home/genolele22/vvf-gestionale
[2026-06-06 15:14] Sessione terminata — dir: /home/genolele22/vvf-gestionale
[2026-06-06 18:16] Sessione terminata — dir: /home/genolele22/vvf-gestionale
[2026-06-06 18:22] Sessione terminata — dir: /home/genolele22/vvf-gestionale
[2026-06-07 10:38] Sessione terminata — dir: /home/genolele22/vvf-gestionale
[2026-06-07 10:42] Sessione terminata — dir: /home/genolele22/vvf-gestionale
[2026-06-07 10:49] Sessione terminata — dir: /home/genolele22/vvf-gestionale
[2026-06-07 10:51] Sessione terminata — dir: /home/genolele22/vvf-gestionale
[2026-06-07 10:55] Sessione terminata — dir: /home/genolele22/progetti/the-raven
[2026-06-07 11:04] Sessione terminata — dir: /home/genolele22/progetti/the-raven
[2026-06-07 11:29] Sessione terminata — dir: /home/genolele22/progetti/the-raven
[2026-06-07 11:38] Sessione terminata — dir: /home/genolele22/progetti/the-raven
[2026-06-07 12:33] Sessione terminata — dir: /home/genolele22/progetti/the-raven
[2026-06-07 12:34] Sessione terminata — dir: /home/genolele22/progetti/the-raven
[2026-06-07 12:34] Sessione terminata — dir: /home/genolele22/progetti/the-raven
[2026-06-07 12:38] Sessione terminata — dir: /home/genolele22/progetti/the-raven
[2026-06-07 12:38] Sessione terminata — dir: /home/genolele22/progetti/the-raven
[2026-06-07 21:19] Sessione terminata — dir: /home/genolele22/progetti/the-raven
[2026-06-07 21:23] Sessione terminata — dir: /home/genolele22/progetti/the-raven
[2026-06-07 21:25] Sessione terminata — dir: /home/genolele22/progetti/the-raven
[2026-06-07 21:26] Sessione terminata — dir: /home/genolele22/vvf-ferie-bot
[2026-06-07 21:26] Sessione terminata — dir: /home/genolele22/vvf-ferie-bot
[2026-06-07 21:27] Sessione terminata — dir: /home/genolele22/vvf-ferie-bot
[2026-06-07 21:27] Sessione terminata — dir: /home/genolele22/vvf-ferie-bot
[2026-06-07 21:30] Sessione terminata — dir: /home/genolele22/vvf-ferie-bot
[2026-06-07 21:33] Sessione terminata — dir: /home/genolele22/vvf-ferie-bot
[2026-06-07 21:35] Sessione terminata — dir: /home/genolele22/vvf-ferie-bot
[2026-06-07 21:51] Sessione terminata — dir: /home/genolele22/vvf-ferie-bot
[2026-06-07 21:54] Sessione terminata — dir: /home/genolele22/vvf-ferie-bot
[2026-06-07 21:57] Sessione terminata — dir: /home/genolele22/vvf-ferie-bot
[2026-06-07 22:05] Sessione terminata — dir: /home/genolele22/vvf-ferie-bot
[2026-06-07 22:44] Sessione terminata — dir: /home/genolele22/vvf-ferie-bot
[2026-06-07 22:54] Sessione terminata — dir: /home/genolele22/vvf-ferie-bot
[2026-06-07 23:02] Sessione terminata — dir: /home/genolele22/vvf-ferie-bot
[2026-06-07 23:06] Sessione terminata — dir: /home/genolele22/vvf-ferie-bot
[2026-06-07 23:12] Sessione terminata — dir: /home/genolele22/vvf-gestionale
[2026-06-07 23:14] Sessione terminata — dir: /home/genolele22/vvf-gestionale
[2026-06-07 23:15] Sessione terminata — dir: /home/genolele22/vvf-gestionale
[2026-06-07 23:16] Sessione terminata — dir: /home/genolele22/vvf-gestionale
[2026-06-07 23:20] Sessione terminata — dir: /home/genolele22/vvf-gestionale
[2026-06-10 11:52] Sessione terminata — dir: /home/genolele22/vvf-ferie-bot
[2026-06-10 11:54] Sessione terminata — dir: /home/genolele22/vvf-ferie-bot
[2026-06-10 11:55] Sessione terminata — dir: /home/genolele22
[2026-06-10 13:00] Sessione terminata — dir: /home/genolele22/vvf-ferie-bot
[2026-06-10 13:07] Sessione terminata — dir: /home/genolele22/vvf-ferie-bot
[2026-06-10 13:12] Sessione terminata — dir: /home/genolele22/vvf-ferie-bot
[2026-06-10 13:57] Sessione terminata — dir: /home/genolele22/vvf-gestionale
[2026-06-10 14:03] Sessione terminata — dir: /home/genolele22/vvf-ferie-bot
[2026-06-10 14:10] Sessione terminata — dir: /home/genolele22/vvf-gestionale
[2026-06-10 14:18] Sessione terminata — dir: /home/genolele22/vvf-gestionale
[2026-06-10 14:25] Sessione terminata — dir: /home/genolele22/vvf-ferie-bot
[2026-06-10 14:55] Sessione terminata — dir: /home/genolele22/vvf-ferie-bot
[2026-06-10 15:28] Sessione terminata — dir: /home/genolele22/vvf-gestionale
[2026-06-10 15:33] Sessione terminata — dir: /home/genolele22/vvf-gestionale
[2026-06-10 15:36] Sessione terminata — dir: /home/genolele22/vvf-gestionale
[2026-06-11 10:35] Sessione terminata — dir: /home/genolele22/vvf-gestionale
[2026-06-11 10:36] Sessione terminata — dir: /home/genolele22/vvf-gestionale
[2026-06-11 10:47] Sessione terminata — dir: /home/genolele22/vvf-gestionale
[2026-06-11 10:50] Sessione terminata — dir: /home/genolele22/vvf-gestionale
[2026-06-11 10:53] Sessione terminata — dir: /home/genolele22/vvf-gestionale
[2026-06-11 11:40] Sessione terminata — dir: /home/genolele22/vvf-gestionale
[2026-06-11 11:44] Sessione terminata — dir: /home/genolele22/vvf-gestionale
[2026-06-11 11:45] Sessione terminata — dir: /home/genolele22/vvf-gestionale
[2026-06-11 12:33] Sessione terminata — dir: /home/genolele22/vvf-gestionale
[2026-06-11 12:37] Sessione terminata — dir: /home/genolele22/vvf-gestionale
[2026-06-11 12:40] Sessione terminata — dir: /home/genolele22/vvf-gestionale
[2026-06-11 12:40] Sessione terminata — dir: /home/genolele22/vvf-gestionale
[2026-06-11 12:44] Sessione terminata — dir: /home/genolele22/vvf-gestionale
[2026-06-11 12:51] Sessione terminata — dir: /home/genolele22/vvf-gestionale
[2026-06-14 09:10] Sessione terminata — dir: /home/genolele22/vvf-ferie-bot
[2026-06-14 09:17] Sessione terminata — dir: /home/genolele22/vvf-ferie-bot
[2026-06-14 09:29] Sessione terminata — dir: /home/genolele22/vvf-gestionale
[2026-06-14 09:38] Sessione terminata — dir: /home/genolele22/vvf-gestionale
[2026-06-14 09:44] Sessione terminata — dir: /home/genolele22
[2026-06-14 09:56] Sessione terminata — dir: /home/genolele22
[2026-06-14 09:59] Sessione terminata — dir: /home/genolele22/vvf-gestionale
[2026-06-14 10:07] Sessione terminata — dir: /home/genolele22
[2026-06-14 10:35] Sessione terminata — dir: /home/genolele22/vvf-gestionale
[2026-06-14 10:48] Sessione terminata — dir: /home/genolele22
[2026-06-14 10:53] Sessione terminata — dir: /home/genolele22/vvf-ferie-bot
[2026-06-14 10:56] Sessione terminata — dir: /home/genolele22/vvf-gestionale
[2026-06-14 11:02] Sessione terminata — dir: /home/genolele22/vvf-gestionale
[2026-06-14 11:07] Sessione terminata — dir: /home/genolele22/vvf-gestionale
[2026-06-14 11:11] Sessione terminata — dir: /home/genolele22/vvf-gestionale
[2026-06-14 11:31] Sessione terminata — dir: /home/genolele22/vvf-gestionale
[2026-06-14 16:25] Sessione terminata — dir: /home/genolele22/vvf-gestionale
[2026-06-14 16:35] Sessione terminata — dir: /home/genolele22/vvf-ferie-bot
[2026-06-14 16:36] Sessione terminata — dir: /home/genolele22/vvf-ferie-bot
[2026-06-14 16:40] Sessione terminata — dir: /tmp
[2026-06-14 16:52] Sessione terminata — dir: /tmp
[2026-06-14 17:20] Sessione terminata — dir: /tmp
[2026-06-14 17:22] Sessione terminata — dir: /tmp
[2026-06-14 17:24] Sessione terminata — dir: /tmp
[2026-06-14 17:25] Sessione terminata — dir: /tmp
[2026-06-14 17:27] Sessione terminata — dir: /tmp
[2026-06-14 17:28] Sessione terminata — dir: /home/genolele22/vvf-gestionale
[2026-06-14 17:36] Sessione terminata — dir: /tmp
[2026-06-14 17:56] Sessione terminata — dir: /tmp
[2026-06-14 18:03] Sessione terminata — dir: /tmp
[2026-06-14 18:13] Sessione terminata — dir: /tmp
[2026-06-14 20:58] Sessione terminata — dir: /home/genolele22/vvf-ferie-bot
[2026-06-14 21:02] Sessione terminata — dir: /home/genolele22/vvf-ferie-bot
[2026-06-14 21:03] Sessione terminata — dir: /home/genolele22/vvf-ferie-bot
[2026-06-14 21:03] Sessione terminata — dir: /home/genolele22/vvf-ferie-bot
[2026-06-14 21:13] Sessione terminata — dir: /home/genolele22/vvf-ferie-bot
[2026-06-15 09:38] Sessione terminata — dir: /home/genolele22/vvf-ferie-bot
[2026-06-15 09:41] Sessione terminata — dir: /home/genolele22/vvf-ferie-bot
[2026-06-15 09:42] Sessione terminata — dir: /home/genolele22/vvf-ferie-bot
[2026-06-15 09:44] Sessione terminata — dir: /home/genolele22/vvf-ferie-bot
[2026-06-15 10:14] Sessione terminata — dir: /home/genolele22/vvf-ferie-bot
[2026-06-15 10:21] Sessione terminata — dir: /home/genolele22/vvf-ferie-bot
[2026-06-15 10:29] Sessione terminata — dir: /home/genolele22/vvf-gestionale
[2026-06-15 10:35] Sessione terminata — dir: /home/genolele22/vvf-gestionale
[2026-06-15 10:36] Sessione terminata — dir: /home/genolele22/vvf-gestionale
[2026-06-15 10:36] Sessione terminata — dir: /home/genolele22/vvf-gestionale
[2026-06-15 10:44] Sessione terminata — dir: /home/genolele22/vvf-gestionale
[2026-06-15 11:06] Sessione terminata — dir: /home/genolele22/vvf-ferie-bot
[2026-06-15 11:16] Sessione terminata — dir: /home/genolele22/vvf-ferie-bot
[2026-06-15 20:59] Sessione terminata — dir: /home/genolele22/vvf-ferie-bot
[2026-06-15 21:01] Sessione terminata — dir: /home/genolele22/vvf-ferie-bot
[2026-06-15 21:07] Sessione terminata — dir: /home/genolele22/vvf-gestionale
[2026-06-15 21:14] Sessione terminata — dir: /home/genolele22/vvf-ferie-bot
[2026-06-15 21:16] Sessione terminata — dir: /home/genolele22/vvf-ferie-bot
[2026-06-15 21:20] Sessione terminata — dir: /home/genolele22/vvf-gestionale
[2026-06-15 21:27] Sessione terminata — dir: /home/genolele22/vvf-gestionale
[2026-06-15 21:32] Sessione terminata — dir: /home/genolele22/vvf-gestionale
[2026-06-15 23:45] Sessione terminata — dir: /home/genolele22/vvf-gestionale
[2026-06-15 23:52] Sessione terminata — dir: /home/genolele22/vvf-gestionale
[2026-06-16 00:05] Sessione terminata — dir: /home/genolele22/vvf-gestionale
[2026-06-16 00:06] Sessione terminata — dir: /home/genolele22/vvf-gestionale
[2026-06-17 11:11] Sessione terminata — dir: /home/genolele22/vvf-ferie-bot
[2026-06-17 11:24] Sessione terminata — dir: /home/genolele22/vvf-ferie-bot
[2026-06-17 11:44] Sessione terminata — dir: /home/genolele22/vvf-ferie-bot
[2026-06-17 11:51] Sessione terminata — dir: /home/genolele22/vvf-ferie-bot/docs
[2026-06-17 12:08] Sessione terminata — dir: /home/genolele22/vvf-ferie-bot
[2026-06-17 12:09] Sessione terminata — dir: /home/genolele22/vvf-ferie-bot
[2026-06-17 12:11] Sessione terminata — dir: /home/genolele22/vvf-ferie-bot
[2026-06-18 09:44] Sessione terminata — dir: /home/genolele22/vvf-ferie-bot
[2026-06-18 10:02] Sessione terminata — dir: /home/genolele22/vvf-ferie-bot
[2026-06-18 10:08] Sessione terminata — dir: /home/genolele22/vvf-ferie-bot
[2026-06-18 10:37] Sessione terminata — dir: /home/genolele22/vvf-ferie-bot
[2026-06-18 10:41] Sessione terminata — dir: /home/genolele22/vvf-ferie-bot
[2026-06-18 11:03] Sessione terminata — dir: /home/genolele22/vvf-gestionale
[2026-06-18 11:09] Sessione terminata — dir: /home/genolele22/vvf-gestionale
[2026-06-18 11:24] Sessione terminata — dir: /home/genolele22/vvf-gestionale
[2026-06-18 11:31] Sessione terminata — dir: /home/genolele22/vvf-gestionale
[2026-06-18 12:28] Sessione terminata — dir: /home/genolele22/vvf-gestionale
[2026-06-18 16:53] Sessione terminata — dir: /home/genolele22/vvf-gestionale
[2026-06-18 16:57] Sessione terminata — dir: /home/genolele22/vvf-gestionale
[2026-06-18 17:10] Sessione terminata — dir: /home/genolele22/vvf-gestionale
[2026-06-18 17:14] Sessione terminata — dir: /home/genolele22/vvf-gestionale
[2026-06-18 17:14] Sessione terminata — dir: /home/genolele22/vvf-gestionale
[2026-06-18 17:19] Sessione terminata — dir: /home/genolele22/vvf-gestionale
[2026-06-18 17:29] Sessione terminata — dir: /home/genolele22/vvf-gestionale
[2026-06-18 17:32] Sessione terminata — dir: /home/genolele22/vvf-gestionale
[2026-06-18 17:51] Sessione terminata — dir: /home/genolele22/vvf-gestionale
[2026-06-18 17:58] Sessione terminata — dir: /home/genolele22/vvf-gestionale
[2026-06-18 18:07] Sessione terminata — dir: /home/genolele22/vvf-gestionale
[2026-06-18 18:17] Sessione terminata — dir: /home/genolele22/vvf-gestionale
[2026-06-18 18:28] Sessione terminata — dir: /home/genolele22/vvf-gestionale
[2026-06-18 18:38] Sessione terminata — dir: /home/genolele22/vvf-gestionale
[2026-06-18 18:43] Sessione terminata — dir: /home/genolele22/vvf-gestionale
[2026-06-18 18:56] Sessione terminata — dir: /home/genolele22/vvf-gestionale
[2026-06-18 19:01] Sessione terminata — dir: /home/genolele22/vvf-gestionale
[2026-06-18 19:15] Sessione terminata — dir: /home/genolele22/vvf-gestionale
[2026-06-18 19:19] Sessione terminata — dir: /home/genolele22/vvf-gestionale
[2026-06-18 19:26] Sessione terminata — dir: /home/genolele22/vvf-gestionale
[2026-06-18 19:28] Sessione terminata — dir: /home/genolele22/vvf-gestionale
[2026-06-18 19:30] Sessione terminata — dir: /home/genolele22/vvf-gestionale
[2026-06-18 19:42] Sessione terminata — dir: /home/genolele22/vvf-gestionale
[2026-06-19 10:05] Sessione terminata — dir: /home/genolele22/progetti/the-raven
[2026-06-19 10:15] Sessione terminata — dir: /home/genolele22/progetti/the-raven
[2026-06-19 11:53] Sessione terminata — dir: /home/genolele22/progetti/the-raven
[2026-06-19 11:56] Sessione terminata — dir: /home/genolele22/progetti/the-raven
[2026-06-19 12:01] Sessione terminata — dir: /home/genolele22/progetti/the-raven
[2026-06-19 12:11] Sessione terminata — dir: /home/genolele22/progetti/the-raven
[2026-06-19 12:14] Sessione terminata — dir: /home/genolele22/progetti/the-raven
[2026-06-19 12:27] Sessione terminata — dir: /home/genolele22/progetti/the-raven
[2026-06-19 13:02] Sessione terminata — dir: /home/genolele22/progetti/the-raven
[2026-06-19 13:07] Sessione terminata — dir: /home/genolele22/progetti/the-raven
[2026-06-19 13:14] Sessione terminata — dir: /home/genolele22/progetti/the-raven
[2026-06-19 13:19] Sessione terminata — dir: /home/genolele22/progetti/the-raven
[2026-06-19 13:26] Sessione terminata — dir: /home/genolele22/progetti/the-raven
[2026-06-19 13:42] Sessione terminata — dir: /home/genolele22/progetti/the-raven
[2026-06-19 13:43] Sessione terminata — dir: /home/genolele22/progetti/the-raven
[2026-06-19 13:53] Sessione terminata — dir: /home/genolele22/progetti/the-raven
[2026-06-19 13:54] Sessione terminata — dir: /home/genolele22/progetti/the-raven
[2026-06-19 14:09] Sessione terminata — dir: /home/genolele22/progetti/the-raven
[2026-06-22 09:31] Sessione terminata — dir: /home/genolele22/vvf-ferie-bot
[2026-06-22 09:37] Sessione terminata — dir: /home/genolele22/vvf-gestionale
[2026-06-22 09:52] Sessione terminata — dir: /home/genolele22/vvf-gestionale
[2026-06-22 10:10] Sessione terminata — dir: /home/genolele22/vvf-gestionale
[2026-06-22 10:12] Sessione terminata — dir: /home/genolele22/vvf-gestionale
[2026-06-22 10:13] Sessione terminata — dir: /home/genolele22/vvf-gestionale
[2026-06-22 10:22] Sessione terminata — dir: /home/genolele22/vvf-ferie-bot
[2026-06-22 10:38] Sessione terminata — dir: /home/genolele22/vvf-ferie-bot
[2026-06-22 10:41] Sessione terminata — dir: /home/genolele22/vvf-ferie-bot
[2026-06-22 10:52] Sessione terminata — dir: /home/genolele22/vvf-ferie-bot
[2026-06-22 10:55] Sessione terminata — dir: /home/genolele22/vvf-ferie-bot
[2026-06-22 11:06] Sessione terminata — dir: /home/genolele22/vvf-ferie-bot
[2026-06-22 11:11] Sessione terminata — dir: /home/genolele22/vvf-ferie-bot
[2026-06-22 11:14] Sessione terminata — dir: /home/genolele22/vvf-ferie-bot
[2026-06-22 11:35] Sessione terminata — dir: /home/genolele22/vvf-ferie-bot
[2026-06-22 11:45] Sessione terminata — dir: /home/genolele22/vvf-ferie-bot
[2026-06-22 11:59] Sessione terminata — dir: /home/genolele22/vvf-ferie-bot
[2026-06-22 15:45] Sessione terminata — dir: /home/genolele22/vvf-ferie-bot
[2026-06-22 15:51] Sessione terminata — dir: /home/genolele22/vvf-ferie-bot
[2026-06-22 15:53] Sessione terminata — dir: /home/genolele22/vvf-gestionale
[2026-06-22 15:59] Sessione terminata — dir: /home/genolele22/vvf-gestionale
[2026-06-22 16:01] Sessione terminata — dir: /home/genolele22/vvf-gestionale
[2026-06-22 16:07] Sessione terminata — dir: /home/genolele22/vvf-gestionale
[2026-06-22 16:09] Sessione terminata — dir: /home/genolele22/vvf-gestionale
[2026-06-22 16:14] Sessione terminata — dir: /home/genolele22/vvf-gestionale
[2026-06-22 16:21] Sessione terminata — dir: /home/genolele22/vvf-gestionale
[2026-06-22 16:21] Sessione terminata — dir: /home/genolele22/vvf-gestionale
[2026-06-22 16:35] Sessione terminata — dir: /home/genolele22/vvf-gestionale
[2026-06-22 16:39] Sessione terminata — dir: /home/genolele22/vvf-gestionale
[2026-06-22 16:46] Sessione terminata — dir: /home/genolele22/vvf-gestionale
[2026-06-22 16:50] Sessione terminata — dir: /home/genolele22/vvf-gestionale
[2026-06-22 16:52] Sessione terminata — dir: /home/genolele22/vvf-gestionale
[2026-06-22 16:59] Sessione terminata — dir: /home/genolele22/vvf-gestionale
[2026-06-22 17:00] Sessione terminata — dir: /home/genolele22/vvf-gestionale
[2026-06-22 17:08] Sessione terminata — dir: /home/genolele22/vvf-gestionale
[2026-06-22 17:26] Sessione terminata — dir: /home/genolele22/vvf-gestionale
[2026-06-22 17:43] Sessione terminata — dir: /home/genolele22/vvf-gestionale
[2026-06-22 17:44] Sessione terminata — dir: /home/genolele22/vvf-gestionale
[2026-06-22 18:00] Sessione terminata — dir: /home/genolele22/vvf-gestionale
[2026-06-22 18:14] Sessione terminata — dir: /home/genolele22/vvf-gestionale
[2026-06-23 13:59] Sessione terminata — dir: /home/genolele22/vvf-gestionale
[2026-06-23 21:13] Sessione terminata — dir: /home/genolele22/vvf-gestionale
[2026-06-23 21:22] Sessione terminata — dir: /home/genolele22/vvf-gestionale
[2026-06-23 21:25] Sessione terminata — dir: /home/genolele22/vvf-gestionale
[2026-06-23 21:51] Sessione terminata — dir: /home/genolele22/vvf-ferie-bot
[2026-06-23 21:56] Sessione terminata — dir: /home/genolele22/vvf-gestionale
[2026-06-23 22:00] Sessione terminata — dir: /home/genolele22/vvf-gestionale
[2026-06-23 22:04] Sessione terminata — dir: /home/genolele22/vvf-gestionale
[2026-06-23 22:08] Sessione terminata — dir: /home/genolele22/vvf-gestionale
[2026-06-23 22:10] Sessione terminata — dir: /home/genolele22/vvf-gestionale
[2026-06-23 22:14] Sessione terminata — dir: /home/genolele22/vvf-gestionale
[2026-06-23 22:29] Sessione terminata — dir: /home/genolele22/vvf-gestionale
[2026-06-24 12:16] Sessione terminata — dir: /home/genolele22/vvf-gestionale
[2026-06-24 12:18] Sessione terminata — dir: /home/genolele22/vvf-gestionale
[2026-06-24 12:23] Sessione terminata — dir: /home/genolele22/vvf-gestionale
[2026-06-24 12:28] Sessione terminata — dir: /home/genolele22/vvf-gestionale
[2026-06-24 12:31] Sessione terminata — dir: /home/genolele22/vvf-gestionale
[2026-06-24 12:33] Sessione terminata — dir: /home/genolele22/vvf-gestionale
[2026-06-24 12:36] Sessione terminata — dir: /home/genolele22/vvf-gestionale
[2026-06-24 12:49] Sessione terminata — dir: /home/genolele22/vvf-gestionale
[2026-06-24 12:53] Sessione terminata — dir: /home/genolele22/vvf-gestionale
[2026-06-24 13:07] Sessione terminata — dir: /home/genolele22/vvf-gestionale
[2026-06-25 10:56] Sessione terminata — dir: /home/genolele22/vvf-gestionale
[2026-06-25 12:12] Sessione terminata — dir: /home/genolele22/vvf-gestionale
[2026-06-25 17:21] Sessione terminata — dir: /home/genolele22/vvf-gestionale
[2026-06-25 17:32] Sessione terminata — dir: /home/genolele22/vvf-gestionale
[2026-06-25 17:36] Sessione terminata — dir: /home/genolele22/vvf-gestionale
[2026-06-25 17:38] Sessione terminata — dir: /home/genolele22/vvf-gestionale
[2026-06-25 17:48] Sessione terminata — dir: /home/genolele22
[2026-06-25 17:50] Sessione terminata — dir: /home/genolele22
[2026-06-25 17:51] Sessione terminata — dir: /home/genolele22
[2026-06-25 18:07] Sessione terminata — dir: /home/genolele22
[2026-06-25 18:17] Sessione terminata — dir: /home/genolele22/vvf-gestionale
[2026-06-25 18:30] Sessione terminata — dir: /home/genolele22/vvf-gestionale
[2026-06-25 18:33] Sessione terminata — dir: /home/genolele22/vvf-gestionale
[2026-06-25 18:36] Sessione terminata — dir: /home/genolele22/vvf-gestionale
[2026-06-25 18:37] Sessione terminata — dir: /home/genolele22/vvf-gestionale
[2026-06-25 19:01] Sessione terminata — dir: /home/genolele22/vvf-gestionale
[2026-06-25 19:04] Sessione terminata — dir: /home/genolele22/vvf-gestionale
[2026-06-26 09:16] Sessione terminata — dir: /home/genolele22/vvf-gestionale
[2026-06-26 09:16] Sessione terminata — dir: /home/genolele22/vvf-gestionale
[2026-06-26 09:25] Sessione terminata — dir: /home/genolele22/vvf-gestionale
[2026-06-26 09:28] Sessione terminata — dir: /home/genolele22/vvf-ferie-bot
[2026-06-26 09:32] Sessione terminata — dir: /home/genolele22/vvf-gestionale
[2026-06-26 09:33] Sessione terminata — dir: /home/genolele22/vvf-gestionale
[2026-06-26 09:47] Sessione terminata — dir: /home/genolele22/vvf-gestionale
[2026-06-26 09:59] Sessione terminata — dir: /home/genolele22/vvf-gestionale
[2026-06-26 10:09] Sessione terminata — dir: /home/genolele22/vvf-gestionale
[2026-06-26 10:23] Sessione terminata — dir: /home/genolele22/vvf-gestionale
[2026-06-26 10:29] Sessione terminata — dir: /home/genolele22/vvf-ferie-bot
[2026-06-26 10:43] Sessione terminata — dir: /home/genolele22/vvf-ferie-bot
[2026-06-26 10:58] Sessione terminata — dir: /home/genolele22/vvf-gestionale
[2026-06-26 11:01] Sessione terminata — dir: /home/genolele22/vvf-gestionale
[2026-06-26 11:02] Sessione terminata — dir: /home/genolele22/vvf-gestionale
[2026-06-26 11:18] Sessione terminata — dir: /home/genolele22/vvf-gestionale
[2026-06-26 11:23] Sessione terminata — dir: /home/genolele22/vvf-gestionale
[2026-06-26 11:52] Sessione terminata — dir: /home/genolele22/vvf-gestionale
[2026-06-26 12:13] Sessione terminata — dir: /home/genolele22/vvf-gestionale
[2026-06-26 12:15] Sessione terminata — dir: /home/genolele22/vvf-gestionale
[2026-06-26 12:20] Sessione terminata — dir: /home/genolele22/vvf-ferie-bot
[2026-06-26 15:09] Sessione terminata — dir: /home/genolele22
[2026-06-26 15:11] Sessione terminata — dir: /home/genolele22/vvf-gestionale
[2026-06-26 15:28] Sessione terminata — dir: /home/genolele22/vvf-gestionale
[2026-06-26 15:29] Sessione terminata — dir: /home/genolele22/vvf-gestionale
[2026-06-26 15:35] Sessione terminata — dir: /home/genolele22/vvf-ferie-bot
[2026-06-26 15:43] Sessione terminata — dir: /home/genolele22/vvf-ferie-bot
[2026-06-26 15:52] Sessione terminata — dir: /home/genolele22/vvf-gestionale
[2026-06-26 15:59] Sessione terminata — dir: /home/genolele22/vvf-gestionale
[2026-06-26 16:02] Sessione terminata — dir: /home/genolele22/vvf-gestionale
[2026-06-26 16:06] Sessione terminata — dir: /home/genolele22/vvf-gestionale
[2026-06-26 16:14] Sessione terminata — dir: /home/genolele22/vvf-gestionale
[2026-06-26 16:17] Sessione terminata — dir: /home/genolele22/vvf-gestionale
[2026-06-26 16:36] Sessione terminata — dir: /home/genolele22/vvf-gestionale
[2026-06-26 16:40] Sessione terminata — dir: /home/genolele22/vvf-gestionale
[2026-06-26 16:51] Sessione terminata — dir: /home/genolele22/vvf-gestionale
[2026-06-26 17:05] Sessione terminata — dir: /home/genolele22/vvf-gestionale
[2026-06-26 17:08] Sessione terminata — dir: /home/genolele22/vvf-gestionale
[2026-06-26 17:17] Sessione terminata — dir: /home/genolele22/vvf-gestionale
[2026-06-26 17:23] Sessione terminata — dir: /home/genolele22/vvf-gestionale
[2026-06-26 17:29] Sessione terminata — dir: /home/genolele22/vvf-gestionale
[2026-06-26 17:35] Sessione terminata — dir: /home/genolele22/vvf-gestionale
[2026-06-26 17:39] Sessione terminata — dir: /home/genolele22/vvf-gestionale
[2026-06-26 17:57] Sessione terminata — dir: /home/genolele22/vvf-gestionale
[2026-06-26 18:04] Sessione terminata — dir: /home/genolele22/vvf-gestionale
[2026-06-26 18:09] Sessione terminata — dir: /home/genolele22/vvf-gestionale
[2026-06-26 18:14] Sessione terminata — dir: /home/genolele22/vvf-gestionale
[2026-06-26 18:26] Sessione terminata — dir: /home/genolele22/vvf-ferie-bot
[2026-06-26 18:31] Sessione terminata — dir: /home/genolele22/vvf-ferie-bot
[2026-06-26 18:34] Sessione terminata — dir: /home/genolele22/vvf-gestionale
[2026-06-26 18:37] Sessione terminata — dir: /home/genolele22/vvf-gestionale
[2026-06-26 18:46] Sessione terminata — dir: /home/genolele22/vvf-gestionale
[2026-06-26 18:50] Sessione terminata — dir: /home/genolele22/vvf-gestionale
[2026-06-26 18:56] Sessione terminata — dir: /home/genolele22/vvf-gestionale
[2026-06-26 18:58] Sessione terminata — dir: /home/genolele22/vvf-gestionale
[2026-06-26 19:07] Sessione terminata — dir: /home/genolele22/vvf-gestionale
[2026-06-26 19:09] Sessione terminata — dir: /home/genolele22/vvf-gestionale
[2026-06-26 19:13] Sessione terminata — dir: /home/genolele22/vvf-gestionale
[2026-06-30 10:18] Sessione terminata — dir: /home/genolele22/vvf-gestionale
[2026-06-30 10:23] Sessione terminata — dir: /home/genolele22/vvf-ferie-bot
[2026-07-01 10:17] Sessione terminata — dir: /home/genolele22/vvf-ferie-bot
[2026-07-01 13:00] Sessione terminata — dir: /home/genolele22
[2026-07-01 13:02] Sessione terminata — dir: /home/genolele22
[2026-07-01 13:05] Sessione terminata — dir: /home/genolele22
[2026-07-01 13:06] Sessione terminata — dir: /home/genolele22
[2026-07-01 13:07] Sessione terminata — dir: /home/genolele22
[2026-07-01 13:08] Sessione terminata — dir: /home/genolele22
[2026-07-01 13:08] Sessione terminata — dir: /home/genolele22
[2026-07-01 13:12] Sessione terminata — dir: /home/genolele22
[2026-07-01 13:33] Sessione terminata — dir: /home/genolele22/vvf-ferie-bot
[2026-07-02 13:59] Sessione terminata — dir: /home/genolele22/vvf-gestionale
[2026-07-02 14:18] Sessione terminata — dir: /home/genolele22/vvf-ferie-bot
[2026-07-02 15:00] Sessione terminata — dir: /home/genolele22/vvf-gestionale
[2026-07-02 15:18] Sessione terminata — dir: /home/genolele22/vvf-ferie-bot
[2026-07-03 10:57] Sessione terminata — dir: /home/genolele22/vvf-gestionale
[2026-07-03 11:39] Sessione terminata — dir: /home/genolele22/vvf-gestionale
[2026-07-03 11:54] Sessione terminata — dir: /home/genolele22/vvf-gestionale
[2026-07-03 12:03] Sessione terminata — dir: /home/genolele22/vvf-ferie-bot
[2026-07-03 12:12] Sessione terminata — dir: /home/genolele22/vvf-gestionale
[2026-07-03 16:16] Sessione terminata — dir: /home/genolele22/vvf-gestionale
[2026-07-03 16:40] Sessione terminata — dir: /home/genolele22/vvf-ferie-bot
[2026-07-03 17:07] Sessione terminata — dir: /home/genolele22/vvf-gestionale
[2026-07-03 17:13] Sessione terminata — dir: /home/genolele22/vvf-gestionale
[2026-07-03 17:24] Sessione terminata — dir: /home/genolele22/vvf-gestionale
[2026-07-03 21:27] Sessione terminata — dir: /home/genolele22/vvf-gestionale
[2026-07-03 21:28] Sessione terminata — dir: /home/genolele22/vvf-gestionale
[2026-07-03 21:31] Sessione terminata — dir: /home/genolele22/vvf-gestionale
[2026-07-03 21:37] Sessione terminata — dir: /home/genolele22/vvf-gestionale
[2026-07-03 21:52] Sessione terminata — dir: /home/genolele22/vvf-gestionale
[2026-07-03 22:03] Sessione terminata — dir: /home/genolele22/vvf-ferie-bot
[2026-07-03 22:08] Sessione terminata — dir: /home/genolele22/vvf-ferie-bot
[2026-07-03 22:44] Sessione terminata — dir: /home/genolele22/vvf-ferie-bot
[2026-07-03 23:18] Sessione terminata — dir: /home/genolele22/vvf-gestionale
[2026-07-03 23:33] Sessione terminata — dir: /home/genolele22/vvf-gestionale
[2026-07-03 23:42] Sessione terminata — dir: /home/genolele22/vvf-gestionale
[2026-07-03 23:52] Sessione terminata — dir: /home/genolele22/vvf-gestionale
[2026-07-06 12:38] Sessione terminata — dir: /home/genolele22/progetti/the-raven
[2026-07-06 12:52] Sessione terminata — dir: /home/genolele22/progetti/the-raven
[2026-07-06 13:04] Sessione terminata — dir: /home/genolele22/progetti/the-raven
[2026-07-06 13:06] Sessione terminata — dir: /home/genolele22/progetti/the-raven
[2026-07-08 10:44] Sessione terminata — dir: /home/genolele22
[2026-07-08 10:46] Sessione terminata — dir: /home/genolele22/vvf-gestionale
[2026-07-08 11:05] Sessione terminata — dir: /home/genolele22/vvf-gestionale
[2026-07-08 11:46] Sessione terminata — dir: /home/genolele22/vvf-gestionale
[2026-07-08 11:51] Sessione terminata — dir: /home/genolele22/vvf-gestionale
[2026-07-08 12:01] Sessione terminata — dir: /home/genolele22/vvf-gestionale
[2026-07-08 12:17] Sessione terminata — dir: /home/genolele22/vvf-gestionale
[2026-07-08 12:26] Sessione terminata — dir: /home/genolele22/vvf-gestionale
[2026-07-08 12:35] Sessione terminata — dir: /home/genolele22/vvf-gestionale
[2026-07-08 18:50] Sessione terminata — dir: /home/genolele22/vvf-ferie-bot
[2026-07-08 19:01] Sessione terminata — dir: /home/genolele22/vvf-ferie-bot
[2026-07-08 19:18] Sessione terminata — dir: /home/genolele22/vvf-ferie-bot
[2026-07-09 12:12] Sessione terminata — dir: /home/genolele22/vvf-gestionale
[2026-07-09 12:21] Sessione terminata — dir: /home/genolele22/vvf-ferie-bot
[2026-07-09 12:43] Sessione terminata — dir: /home/genolele22/vvf-ferie-bot
[2026-07-09 12:55] Sessione terminata — dir: /home/genolele22/vvf-ferie-bot
[2026-07-09 13:02] Sessione terminata — dir: /home/genolele22/vvf-ferie-bot
[2026-07-09 21:44] Sessione terminata — dir: /home/genolele22/vvf-ferie-bot
[2026-07-09 21:48] Sessione terminata — dir: /home/genolele22/vvf-gestionale
[2026-07-09 21:57] Sessione terminata — dir: /home/genolele22/vvf-gestionale
[2026-07-09 22:03] Sessione terminata — dir: /home/genolele22/vvf-gestionale
[2026-07-09 22:07] Sessione terminata — dir: /home/genolele22/vvf-gestionale
[2026-07-09 22:19] Sessione terminata — dir: /home/genolele22/vvf-gestionale
[2026-07-09 22:27] Sessione terminata — dir: /home/genolele22/vvf-gestionale
[2026-07-12 10:08] Sessione terminata — dir: /home/genolele22
[2026-07-12 10:09] Sessione terminata — dir: /home/genolele22/vvf-gestionale
[2026-07-12 10:14] Sessione terminata — dir: /home/genolele22/vvf-gestionale
[2026-07-12 10:21] Sessione terminata — dir: /home/genolele22/vvf-gestionale
[2026-07-12 10:22] Sessione terminata — dir: /home/genolele22/vvf-gestionale
[2026-07-12 10:27] Sessione terminata — dir: /home/genolele22/vvf-gestionale
[2026-07-12 11:45] Sessione terminata — dir: /home/genolele22/vvf-gestionale
[2026-07-12 11:48] Sessione terminata — dir: /home/genolele22/vvf-gestionale
[2026-07-12 12:00] Sessione terminata — dir: /home/genolele22/vvf-gestionale
[2026-07-12 12:04] Sessione terminata — dir: /home/genolele22/vvf-gestionale
[2026-07-12 12:26] Sessione terminata — dir: /home/genolele22/vvf-gestionale
[2026-07-12 13:15] Sessione terminata — dir: /home/genolele22/vvf-gestionale
[2026-07-12 13:28] Sessione terminata — dir: /home/genolele22/vvf-gestionale
[2026-07-12 13:30] Sessione terminata — dir: /home/genolele22/vvf-gestionale
[2026-07-12 13:36] Sessione terminata — dir: /home/genolele22/vvf-gestionale
[2026-07-12 13:50] Sessione terminata — dir: /home/genolele22/vvf-gestionale
[2026-07-12 13:54] Sessione terminata — dir: /home/genolele22/vvf-gestionale
[2026-07-12 15:44] Sessione terminata — dir: /home/genolele22/vvf-gestionale
[2026-07-12 18:45] Sessione terminata — dir: /home/genolele22/vvf-gestionale
[2026-07-12 18:53] Sessione terminata — dir: /home/genolele22/vvf-gestionale
[2026-07-12 19:02] Sessione terminata — dir: /home/genolele22/vvf-gestionale
[2026-07-12 19:14] Sessione terminata — dir: /home/genolele22/vvf-gestionale
[2026-07-12 19:26] Sessione terminata — dir: /home/genolele22/vvf-gestionale
[2026-07-12 19:40] Sessione terminata — dir: /home/genolele22/vvf-gestionale
[2026-07-12 19:47] Sessione terminata — dir: /home/genolele22/vvf-gestionale
[2026-07-13 21:28] Sessione terminata — dir: /home/genolele22
[2026-07-13 21:28] Sessione terminata — dir: /home/genolele22
[2026-07-13 21:31] Sessione terminata — dir: /home/genolele22
[2026-07-13 21:40] Sessione terminata — dir: /home/genolele22/vvf-gestionale
[2026-07-13 21:43] Sessione terminata — dir: /home/genolele22/vvf-gestionale
[2026-07-13 21:49] Sessione terminata — dir: /home/genolele22/vvf-gestionale
[2026-07-13 21:55] Sessione terminata — dir: /home/genolele22/vvf-gestionale
[2026-07-13 22:00] Sessione terminata — dir: /home/genolele22/vvf-gestionale
[2026-07-13 22:09] Sessione terminata — dir: /home/genolele22/vvf-gestionale
[2026-07-13 22:11] Sessione terminata — dir: /home/genolele22/vvf-gestionale
[2026-07-13 22:19] Sessione terminata — dir: /home/genolele22/vvf-gestionale
[2026-07-13 22:25] Sessione terminata — dir: /home/genolele22/vvf-gestionale
[2026-07-13 22:28] Sessione terminata — dir: /home/genolele22/vvf-gestionale
[2026-07-13 22:54] Sessione terminata — dir: /home/genolele22/vvf-gestionale
[2026-07-13 23:22] Sessione terminata — dir: /home/genolele22/vvf-gestionale
[2026-07-13 23:26] Sessione terminata — dir: /home/genolele22/vvf-gestionale
[2026-07-13 23:28] Sessione terminata — dir: /home/genolele22/vvf-gestionale
[2026-07-13 23:38] Sessione terminata — dir: /home/genolele22/vvf-gestionale
[2026-07-13 23:44] Sessione terminata — dir: /home/genolele22/vvf-gestionale
[2026-07-13 23:51] Sessione terminata — dir: /home/genolele22/vvf-gestionale
[2026-07-13 23:54] Sessione terminata — dir: /home/genolele22/vvf-gestionale
[2026-07-14 00:01] Sessione terminata — dir: /home/genolele22/vvf-gestionale
[2026-07-14 00:04] Sessione terminata — dir: /home/genolele22/vvf-gestionale
[2026-07-14 17:36] Sessione terminata — dir: /home/genolele22
[2026-07-14 17:59] Sessione terminata — dir: /home/genolele22/vvf-ferie-bot
[2026-07-14 18:06] Sessione terminata — dir: /home/genolele22/vvf-ferie-bot
[2026-07-15 13:25] Sessione terminata — dir: /home/genolele22
[2026-07-15 13:26] Sessione terminata — dir: /home/genolele22
[2026-07-15 13:33] Sessione terminata — dir: /home/genolele22/vvf-ferie-bot
[2026-07-15 13:39] Sessione terminata — dir: /home/genolele22/vvf-ferie-bot
[2026-07-15 14:00] Sessione terminata — dir: /home/genolele22/vvf-ferie-bot
[2026-07-15 14:04] Sessione terminata — dir: /home/genolele22/vvf-ferie-bot
[2026-07-15 14:09] Sessione terminata — dir: /home/genolele22/vvf-ferie-bot
[2026-07-16 10:46] Sessione terminata — dir: /home/genolele22/vvf-ferie-bot
[2026-07-16 10:48] Sessione terminata — dir: /home/genolele22/vvf-ferie-bot
[2026-07-16 11:08] Sessione terminata — dir: /home/genolele22/vvf-ferie-bot
[2026-07-16 15:00] Sessione terminata — dir: /home/genolele22/vvf-gestionale
[2026-07-16 15:02] Sessione terminata — dir: /home/genolele22/vvf-gestionale
[2026-07-16 15:27] Sessione terminata — dir: /home/genolele22/vvf-gestionale
[2026-07-16 15:37] Sessione terminata — dir: /home/genolele22
[2026-07-16 15:50] Sessione terminata — dir: /home/genolele22/vvf-gestionale
[2026-07-16 16:02] Sessione terminata — dir: /home/genolele22/vvf-gestionale
[2026-07-16 16:14] Sessione terminata — dir: /home/genolele22/vvf-gestionale
[2026-07-16 16:20] Sessione terminata — dir: /home/genolele22/vvf-ferie-bot
[2026-07-16 16:39] Sessione terminata — dir: /home/genolele22/vvf-gestionale
[2026-07-16 16:47] Sessione terminata — dir: /home/genolele22/vvf-gestionale
[2026-07-16 17:05] Sessione terminata — dir: /home/genolele22/vvf-gestionale
[2026-07-16 17:23] Sessione terminata — dir: /home/genolele22/vvf-gestionale
[2026-07-16 17:54] Sessione terminata — dir: /home/genolele22/vvf-gestionale
[2026-07-16 18:00] Sessione terminata — dir: /home/genolele22/vvf-gestionale
[2026-07-17 16:00] Sessione terminata — dir: /home/genolele22
[2026-07-17 16:03] Sessione terminata — dir: /home/genolele22/vvf-gestionale
[2026-07-17 16:35] Sessione terminata — dir: /home/genolele22/vvf-gestionale
[2026-07-17 17:21] Sessione terminata — dir: /home/genolele22/vvf-gestionale
[2026-07-17 17:23] Sessione terminata — dir: /home/genolele22/vvf-gestionale
[2026-07-17 17:33] Sessione terminata — dir: /home/genolele22/vvf-gestionale
[2026-07-17 17:51] Sessione terminata — dir: /home/genolele22/vvf-gestionale
[2026-07-17 17:54] Sessione terminata — dir: /home/genolele22/vvf-gestionale
[2026-07-17 18:41] Sessione terminata — dir: /home/genolele22/vvf-gestionale
[2026-07-17 22:33] Sessione terminata — dir: /home/genolele22/vvf-gestionale
[2026-07-17 22:36] Sessione terminata — dir: /home/genolele22/vvf-gestionale
[2026-07-17 22:39] Sessione terminata — dir: /home/genolele22/vvf-gestionale
[2026-07-17 22:41] Sessione terminata — dir: /home/genolele22/vvf-gestionale
[2026-07-17 22:44] Sessione terminata — dir: /home/genolele22/vvf-gestionale
[2026-07-17 22:48] Sessione terminata — dir: /home/genolele22/vvf-gestionale
[2026-07-17 23:05] Sessione terminata — dir: /home/genolele22/vvf-gestionale
[2026-07-17 23:11] Sessione terminata — dir: /home/genolele22/vvf-gestionale
[2026-07-17 23:25] Sessione terminata — dir: /home/genolele22/vvf-gestionale
[2026-07-17 23:39] Sessione terminata — dir: /home/genolele22/vvf-gestionale
[2026-07-17 23:46] Sessione terminata — dir: /home/genolele22/vvf-gestionale
[2026-07-18 17:31] Sessione terminata — dir: /home/genolele22
[2026-07-18 17:32] Sessione terminata — dir: /home/genolele22
[2026-07-18 17:33] Sessione terminata — dir: /home/genolele22
[2026-07-18 17:34] Sessione terminata — dir: /home/genolele22/vvf-ferie-bot
[2026-07-18 17:43] Sessione terminata — dir: /home/genolele22/vvf-gestionale
[2026-07-18 17:53] Sessione terminata — dir: /home/genolele22/vvf-ferie-bot
[2026-07-18 18:06] Sessione terminata — dir: /home/genolele22/vvf-gestionale
[2026-07-18 18:12] Sessione terminata — dir: /home/genolele22/vvf-ferie-bot
[2026-07-18 18:14] Sessione terminata — dir: /home/genolele22/vvf-ferie-bot
[2026-07-18 18:18] Sessione terminata — dir: /home/genolele22/vvf-gestionale
[2026-07-18 18:21] Sessione terminata — dir: /home/genolele22/vvf-gestionale
[2026-07-18 18:29] Sessione terminata — dir: /home/genolele22/vvf-gestionale
[2026-07-18 18:35] Sessione terminata — dir: /home/genolele22/vvf-gestionale
[2026-07-18 18:56] Sessione terminata — dir: /home/genolele22/vvf-gestionale
[2026-07-18 19:06] Sessione terminata — dir: /home/genolele22/vvf-gestionale
[2026-07-18 19:10] Sessione terminata — dir: /home/genolele22/vvf-gestionale
[2026-07-18 19:15] Sessione terminata — dir: /home/genolele22/vvf-gestionale
[2026-07-19 13:44] Sessione terminata — dir: /home/genolele22
[2026-07-19 13:46] Sessione terminata — dir: /home/genolele22
[2026-07-19 14:06] Sessione terminata — dir: /home/genolele22/vvf-gestionale
[2026-07-19 14:07] Sessione terminata — dir: /home/genolele22/vvf-gestionale
[2026-07-19 14:14] Sessione terminata — dir: /home/genolele22
[2026-07-19 14:14] Sessione terminata — dir: /home/genolele22
[2026-07-19 17:27] Sessione terminata — dir: /home/genolele22/vvf-ferie-bot
[2026-07-19 17:37] Sessione terminata — dir: /home/genolele22/vvf-ferie-bot
[2026-07-19 17:38] Sessione terminata — dir: /home/genolele22/vvf-ferie-bot
[2026-07-19 18:03] Sessione terminata — dir: /home/genolele22/progetti/br-turni
[2026-07-19 18:07] Sessione terminata — dir: /home/genolele22/progetti/br-turni
[2026-07-19 18:18] Sessione terminata — dir: /home/genolele22/.claude/projects/-home-genolele22/memory
[2026-07-19 18:41] Sessione terminata — dir: /home/genolele22/progetti/br-turni
[2026-07-19 18:52] Sessione terminata — dir: /home/genolele22/progetti/br-turni
[2026-07-19 19:03] Sessione terminata — dir: /home/genolele22/progetti/br-turni
[2026-07-19 19:07] Sessione terminata — dir: /home/genolele22/progetti/br-turni
[2026-07-19 22:24] Sessione terminata — dir: /home/genolele22/progetti/br-turni
[2026-07-19 22:27] Sessione terminata — dir: /home/genolele22/progetti/br-turni
[2026-07-19 22:31] Sessione terminata — dir: /home/genolele22/progetti/br-turni
[2026-07-19 22:36] Sessione terminata — dir: /home/genolele22/progetti/br-turni
[2026-07-19 22:40] Sessione terminata — dir: /home/genolele22/progetti/br-turni
[2026-07-19 22:42] Sessione terminata — dir: /home/genolele22/progetti/br-turni
[2026-07-19 22:44] Sessione terminata — dir: /home/genolele22/progetti/br-turni
[2026-07-19 22:48] Sessione terminata — dir: /home/genolele22/progetti/br-turni
[2026-07-20 07:09] Sessione terminata — dir: /home/genolele22/progetti/br-turni
[2026-07-20 07:18] Sessione terminata — dir: /home/genolele22/progetti/br-turni
[2026-07-20 07:31] Sessione terminata — dir: /home/genolele22
[2026-07-20 07:54] Sessione terminata — dir: /home/genolele22/progetti/br-turni
[2026-07-20 07:57] Sessione terminata — dir: /home/genolele22/progetti/br-turni/web
[2026-07-20 08:02] Sessione terminata — dir: /home/genolele22/progetti/br-turni
[2026-07-20 08:09] Sessione terminata — dir: /home/genolele22/progetti/br-turni
[2026-07-20 08:15] Sessione terminata — dir: /home/genolele22/progetti/br-turni
[2026-07-20 10:29] Sessione terminata — dir: /home/genolele22/progetti/br-turni
[2026-07-20 10:54] Sessione terminata — dir: /home/genolele22/progetti/br-turni
[2026-07-20 11:03] Sessione terminata — dir: /home/genolele22/progetti/br-turni
[2026-07-20 11:06] Sessione terminata — dir: /home/genolele22/progetti/br-turni
[2026-07-20 11:10] Sessione terminata — dir: /home/genolele22/progetti/br-turni
[2026-07-20 11:12] Sessione terminata — dir: /home/genolele22/progetti/br-turni
[2026-07-20 12:45] Sessione terminata — dir: /home/genolele22/progetti/br-turni
[2026-07-20 12:53] Sessione terminata — dir: /home/genolele22/progetti/br-turni
[2026-07-20 13:01] Sessione terminata — dir: /home/genolele22/progetti/br-turni
[2026-07-20 13:02] Sessione terminata — dir: /home/genolele22/progetti/br-turni
[2026-07-20 13:05] Sessione terminata — dir: /home/genolele22/progetti/br-turni
[2026-07-20 13:11] Sessione terminata — dir: /home/genolele22/progetti/br-turni
[2026-07-20 13:15] Sessione terminata — dir: /home/genolele22/progetti/br-turni
[2026-07-20 13:20] Sessione terminata — dir: /home/genolele22/progetti/br-turni/web
[2026-07-20 13:23] Sessione terminata — dir: /home/genolele22/progetti/br-turni
[2026-07-20 13:34] Sessione terminata — dir: /home/genolele22/progetti/br-turni
[2026-07-20 13:37] Sessione terminata — dir: /home/genolele22
[2026-07-20 13:42] Sessione terminata — dir: /home/genolele22/progetti/br-turni/web
[2026-07-20 13:50] Sessione terminata — dir: /home/genolele22/progetti/br-turni/web
[2026-07-20 17:51] Sessione terminata — dir: /home/genolele22/progetti/br-turni
[2026-07-20 17:55] Sessione terminata — dir: /home/genolele22/progetti/br-turni
[2026-07-20 17:56] Sessione terminata — dir: /home/genolele22/progetti/br-turni
[2026-07-20 18:12] Sessione terminata — dir: /home/genolele22/progetti/br-turni
[2026-07-20 18:15] Sessione terminata — dir: /home/genolele22/progetti/br-turni
[2026-07-20 18:23] Sessione terminata — dir: /home/genolele22/progetti/br-turni
[2026-07-20 22:45] Sessione terminata — dir: /home/genolele22/progetti/br-turni
[2026-07-20 22:46] Sessione terminata — dir: /home/genolele22/progetti/br-turni
[2026-07-20 22:47] Sessione terminata — dir: /home/genolele22/progetti/br-turni
[2026-07-20 22:48] Sessione terminata — dir: /home/genolele22/progetti/br-turni
[2026-07-20 22:49] Sessione terminata — dir: /home/genolele22/progetti/br-turni
[2026-07-20 22:49] Sessione terminata — dir: /home/genolele22/progetti/br-turni
[2026-07-20 22:51] Sessione terminata — dir: /home/genolele22/progetti/br-turni
[2026-07-20 23:46] Sessione terminata — dir: /home/genolele22/progetti/br-turni
[2026-07-21 00:01] Sessione terminata — dir: /home/genolele22/progetti/br-turni
[2026-07-21 00:04] Sessione terminata — dir: /home/genolele22/progetti/br-turni
[2026-07-21 00:09] Sessione terminata — dir: /home/genolele22/progetti/br-turni
[2026-07-21 00:11] Sessione terminata — dir: /home/genolele22/progetti/br-turni
[2026-07-21 07:28] Sessione terminata — dir: /home/genolele22/progetti/br-turni
[2026-07-21 07:29] Sessione terminata — dir: /home/genolele22/progetti/br-turni
[2026-07-21 07:30] Sessione terminata — dir: /home/genolele22
[2026-07-21 07:35] Sessione terminata — dir: /home/genolele22/progetti/br-turni
[2026-07-22 15:13] Sessione terminata — dir: /home/genolele22
[2026-07-22 15:14] Sessione terminata — dir: /home/genolele22/progetti/br-turni
[2026-07-22 15:16] Sessione terminata — dir: /home/genolele22/progetti/br-turni
[2026-07-22 15:42] Sessione terminata — dir: /home/genolele22/progetti/br-turni
[2026-07-22 15:54] Sessione terminata — dir: /home/genolele22/progetti/br-turni
[2026-07-22 15:55] Sessione terminata — dir: /home/genolele22/progetti/br-turni
[2026-07-22 15:55] Sessione terminata — dir: /home/genolele22/progetti/br-turni
[2026-07-22 16:04] Sessione terminata — dir: /home/genolele22/progetti/br-turni
[2026-07-22 16:05] Sessione terminata — dir: /home/genolele22/progetti/br-turni
[2026-07-22 16:12] Sessione terminata — dir: /home/genolele22/progetti/br-turni
[2026-07-22 16:33] Sessione terminata — dir: /home/genolele22/progetti/br-turni
[2026-07-22 16:35] Sessione terminata — dir: /home/genolele22/progetti/br-turni
[2026-07-22 16:50] Sessione terminata — dir: /home/genolele22/progetti/br-turni
[2026-07-22 16:56] Sessione terminata — dir: /home/genolele22/progetti/br-turni
[2026-07-22 17:04] Sessione terminata — dir: /home/genolele22/progetti/br-turni
[2026-07-22 17:16] Sessione terminata — dir: /home/genolele22/progetti/br-turni
[2026-07-22 17:27] Sessione terminata — dir: /home/genolele22/progetti/br-turni
[2026-07-22 17:50] Sessione terminata — dir: /home/genolele22/progetti/br-turni
[2026-07-22 17:53] Sessione terminata — dir: /home/genolele22/progetti/br-turni
[2026-07-22 17:59] Sessione terminata — dir: /home/genolele22/progetti/br-turni
[2026-07-22 18:06] Sessione terminata — dir: /home/genolele22/progetti/br-turni
[2026-07-22 18:34] Sessione terminata — dir: /home/genolele22/progetti/br-turni
[2026-07-22 18:59] Sessione terminata — dir: /home/genolele22/progetti/br-turni
[2026-07-22 19:44] Sessione terminata — dir: /home/genolele22/progetti/br-turni
[2026-07-22 19:46] Sessione terminata — dir: /home/genolele22/progetti/br-turni
[2026-07-22 19:48] Sessione terminata — dir: /home/genolele22/progetti/br-turni
[2026-07-22 20:16] Sessione terminata — dir: /home/genolele22/progetti/br-turni
[2026-07-22 20:20] Sessione terminata — dir: /home/genolele22/progetti/br-turni
[2026-07-22 20:34] Sessione terminata — dir: /home/genolele22/progetti/br-turni
[2026-07-22 21:02] Sessione terminata — dir: /home/genolele22/progetti/br-turni
[2026-07-22 21:33] Sessione terminata — dir: /home/genolele22/progetti/br-turni
[2026-07-22 21:40] Sessione terminata — dir: /home/genolele22/progetti/br-turni
[2026-07-22 21:52] Sessione terminata — dir: /home/genolele22/progetti/br-turni
[2026-07-22 22:06] Sessione terminata — dir: /home/genolele22/progetti/br-turni
[2026-07-22 22:11] Sessione terminata — dir: /home/genolele22/progetti/br-turni
[2026-07-22 22:41] Sessione terminata — dir: /home/genolele22/progetti/br-turni
[2026-07-22 22:56] Sessione terminata — dir: /home/genolele22/progetti/br-turni/web
[2026-07-22 23:14] Sessione terminata — dir: /home/genolele22/progetti/br-turni
[2026-07-22 23:15] Sessione terminata — dir: /home/genolele22/progetti/br-turni
[2026-07-22 23:36] Sessione terminata — dir: /home/genolele22
[2026-07-23 00:16] Sessione terminata — dir: /home/genolele22/progetti/br-turni
[2026-07-23 07:30] Sessione terminata — dir: /home/genolele22
[2026-07-23 11:50] Sessione terminata — dir: /home/genolele22/progetti/br-turni
[2026-07-23 11:59] Sessione terminata — dir: /home/genolele22/progetti/br-turni
[2026-07-23 12:07] Sessione terminata — dir: /home/genolele22/progetti/br-turni
[2026-07-23 12:17] Sessione terminata — dir: /home/genolele22/progetti/br-turni
[2026-07-23 12:21] Sessione terminata — dir: /home/genolele22/progetti/br-turni
[2026-07-23 12:24] Sessione terminata — dir: /home/genolele22/progetti/br-turni
[2026-07-23 12:41] Sessione terminata — dir: /home/genolele22/progetti/br-turni
[2026-07-23 14:53] Sessione terminata — dir: /home/genolele22/progetti/br-turni
[2026-07-23 16:00] Sessione terminata — dir: /home/genolele22
[2026-07-23 16:11] Sessione terminata — dir: /home/genolele22
[2026-07-23 18:43] Sessione terminata — dir: /home/genolele22
[2026-07-23 18:56] Sessione terminata — dir: /home/genolele22/progetti/br-turni
[2026-07-23 19:13] Sessione terminata — dir: /home/genolele22/progetti/br-turni
[2026-07-23 19:30] Sessione terminata — dir: /home/genolele22/progetti/br-turni
[2026-07-23 19:43] Sessione terminata — dir: /home/genolele22/progetti/br-turni
[2026-07-23 20:02] Sessione terminata — dir: /home/genolele22/progetti/br-turni
[2026-07-23 21:30] Sessione terminata — dir: /home/genolele22/progetti/br-turni/web
[2026-07-23 21:36] Sessione terminata — dir: /home/genolele22/progetti/br-turni/web
[2026-07-24 14:29] Sessione terminata — dir: /home/genolele22/progetti/br-turni
[2026-07-24 19:17] Sessione terminata — dir: /home/genolele22
[2026-07-25 21:25] Sessione terminata — dir: /home/genolele22/progetti/br-turni
[2026-07-25 21:57] Sessione terminata — dir: /home/genolele22/progetti/br-turni
[2026-07-28 17:32] Sessione terminata — dir: /home/genolele22
[2026-07-28 18:06] Sessione terminata — dir: /home/genolele22/progetti/br-turni
[2026-07-28 18:19] Sessione terminata — dir: /home/genolele22/progetti/br-turni
[2026-07-28 18:30] Sessione terminata — dir: /home/genolele22/progetti/br-turni
[2026-07-28 18:35] Sessione terminata — dir: /home/genolele22/progetti/br-turni
[2026-07-28 18:54] Sessione terminata — dir: /home/genolele22/progetti/br-turni
[2026-07-28 19:23] Sessione terminata — dir: /home/genolele22/progetti/br-turni
[2026-07-28 19:29] Sessione terminata — dir: /home/genolele22/progetti/br-turni
[2026-07-28 19:42] Sessione terminata — dir: /home/genolele22/progetti/br-turni
[2026-07-28 19:51] Sessione terminata — dir: /home/genolele22/progetti/br-turni
[2026-07-28 20:01] Sessione terminata — dir: /home/genolele22/cervello
[2026-07-28 20:03] Sessione terminata — dir: /home/genolele22/progetti/br-turni
[2026-07-29 00:00] Sessione terminata — dir: /home/genolele22/progetti/br-turni
[2026-07-29 07:30] Sessione terminata — dir: /home/genolele22
[2026-07-29 07:57] Sessione terminata — dir: /home/genolele22/progetti/br-turni
[2026-07-29 08:09] Sessione terminata — dir: /home/genolele22/progetti/br-turni
[2026-07-29 08:46] Sessione terminata — dir: /home/genolele22/progetti/br-turni
[2026-07-29 09:32] Sessione terminata — dir: /home/genolele22/progetti/br-turni/web
[2026-07-29 19:05] Sessione terminata — dir: /home/genolele22/progetti/br-turni/web
[2026-07-29 19:19] Sessione terminata — dir: /home/genolele22/progetti/br-turni/web
[2026-07-29 19:48] Sessione terminata — dir: /home/genolele22/progetti/br-turni
[2026-07-29 19:57] Sessione terminata — dir: /home/genolele22/progetti/br-turni
[2026-07-29 20:26] Sessione terminata — dir: /home/genolele22/progetti/br-turni
[2026-07-29 20:38] Sessione terminata — dir: /home/genolele22/progetti/br-turni
[2026-07-29 21:20] Sessione terminata — dir: /home/genolele22/progetti/br-turni
[2026-07-29 21:22] Sessione terminata — dir: /home/genolele22/progetti/br-turni
[2026-07-30 10:18] Sessione terminata — dir: /home/genolele22
[2026-07-30 10:32] Sessione terminata — dir: /home/genolele22/progetti/br-turni/web
[2026-07-30 12:23] Sessione terminata — dir: /home/genolele22/progetti/br-turni/web
[2026-07-30 12:49] Sessione terminata — dir: /home/genolele22/progetti/br-turni/web
[2026-07-30 16:34] Sessione terminata — dir: /home/genolele22/progetti/br-turni
[2026-07-30 16:57] Sessione terminata — dir: /home/genolele22/progetti/br-turni
[2026-07-30 17:02] Sessione terminata — dir: /home/genolele22/progetti/br-turni
[2026-07-30 17:45] Sessione terminata — dir: /home/genolele22/progetti/br-turni
[2026-07-30 22:31] Sessione terminata — dir: /home/genolele22/progetti/br-turni
[2026-07-30 23:08] Sessione terminata — dir: /home/genolele22/progetti/br-turni
[2026-07-31 07:31] Sessione terminata — dir: /home/genolele22
[2026-07-31 10:28] Sessione terminata — dir: /home/genolele22/progetti/br-turni
[2026-07-31 11:00] Sessione terminata — dir: /home/genolele22/progetti/br-turni
[2026-07-31 11:25] Sessione terminata — dir: /home/genolele22
[2026-07-31 11:57] Sessione terminata — dir: /home/genolele22/progetti/br-turni/web
[2026-07-31 12:59] Sessione terminata — dir: /home/genolele22
[2026-07-31 13:44] Sessione terminata — dir: /home/genolele22
[2026-07-31 14:07] Sessione terminata — dir: /home/genolele22/progetti/br-turni
[2026-07-31 14:09] Sessione terminata — dir: /home/genolele22/progetti/br-turni
[2026-07-31 14:21] Sessione terminata — dir: /home/genolele22/progetti/br-turni
[2026-07-31 14:46] Sessione terminata — dir: /home/genolele22/.claude/projects/-home-genolele22/memory
[2026-07-31 15:18] Sessione terminata — dir: /home/genolele22
[2026-07-31 15:23] Sessione terminata — dir: /home/genolele22
[2026-07-31 15:25] Sessione terminata — dir: /home/genolele22
[2026-07-31 17:41] Sessione terminata — dir: /home/genolele22/progetti/br-turni
[2026-07-31 18:47] Sessione terminata — dir: /home/genolele22/progetti/br-turni
[2026-07-31 19:25] Sessione terminata — dir: /home/genolele22/progetti/br-turni/web
[2026-08-01 07:30] Sessione terminata — dir: /home/genolele22
[2026-08-01 08:56] Sessione terminata — dir: /home/genolele22/progetti/br-turni
[2026-08-01 09:41] Sessione terminata — dir: /home/genolele22/progetti/br-turni
[2026-08-01 13:04] Sessione terminata — dir: /home/genolele22/progetti/br-turni
[2026-08-01 14:03] Sessione terminata — dir: /home/genolele22/progetti/br-turni
[2026-08-01 14:17] Sessione terminata — dir: /home/genolele22/progetti/br-turni
[2026-08-01 15:16] Sessione terminata — dir: /home/genolele22/progetti/br-turni
[2026-08-01 17:37] Sessione terminata — dir: /home/genolele22/cervello
[2026-08-01 17:40] Sessione terminata — dir: /home/genolele22
[2026-08-01 17:49] Sessione terminata — dir: /home/genolele22
[2026-08-01 18:22] Sessione terminata — dir: /home/genolele22/asd fight in progress
[2026-08-01 18:27] Sessione terminata — dir: /home/genolele22/asd fight in progress
[2026-08-01 18:35] Sessione terminata — dir: /home/genolele22/asd fight in progress
[2026-08-01 18:54] Sessione terminata — dir: /home/genolele22
[2026-08-01 19:12] Sessione terminata — dir: /home/genolele22/asd fight in progress/moduli
[2026-08-01 19:22] Sessione terminata — dir: /home/genolele22/asd fight in progress
[2026-08-01 19:25] Sessione terminata — dir: /home/genolele22/asd fight in progress
[2026-08-01 19:28] Sessione terminata — dir: /home/genolele22
[2026-08-01 19:36] Sessione terminata — dir: /home/genolele22/progetti/the-raven
[2026-08-01 19:52] Sessione terminata — dir: /home/genolele22/progetti/the-raven
[2026-08-01 19:56] Sessione terminata — dir: /home/genolele22/progetti/the-crew
[2026-08-01 20:01] Sessione terminata — dir: /home/genolele22/progetti/the-crew
[2026-08-01 20:04] Sessione terminata — dir: /home/genolele22/progetti/the-crew
[2026-08-01 20:05] Sessione terminata — dir: /home/genolele22/progetti/the-crew
[2026-08-01 20:20] Sessione terminata — dir: /home/genolele22/progetti/the-crew
[2026-08-01 20:31] Sessione terminata — dir: /home/genolele22/progetti/the-crew
[2026-08-02 00:48] Sessione terminata — dir: /home/genolele22/progetti/the-crew
[2026-08-02 01:13] Sessione terminata — dir: /home/genolele22/progetti/the-crew
[2026-08-02 01:32] Sessione terminata — dir: /home/genolele22/progetti/the-crew
[2026-08-02 03:43] Sessione terminata — dir: /home/genolele22/progetti/the-crew
[2026-08-02 04:05] Sessione terminata — dir: /home/genolele22/progetti/the-crew
[2026-08-02 06:44] Sessione terminata — dir: /home/genolele22/progetti/the-crew
[2026-08-02 07:10] Sessione terminata — dir: /home/genolele22/progetti/the-crew
[2026-08-02 07:31] Sessione terminata — dir: /home/genolele22
[2026-08-02 08:32] Sessione terminata — dir: /home/genolele22/progetti/the-crew
[2026-08-02 08:36] Sessione terminata — dir: /home/genolele22/asd fight in progress
[2026-08-02 08:58] Sessione terminata — dir: /home/genolele22/progetti/the-crew
[2026-08-02 09:14] Sessione terminata — dir: /home/genolele22/progetti/the-crew
[2026-08-02 09:21] Sessione terminata — dir: /home/genolele22/progetti/the-crew
[2026-08-02 11:52] Sessione terminata — dir: /home/genolele22/asd fight in progress
[2026-08-02 12:15] Sessione terminata — dir: /home/genolele22/asd fight in progress
[2026-08-02 12:23] Sessione terminata — dir: /home/genolele22/progetti/the-crew
[2026-08-02 12:36] Sessione terminata — dir: /home/genolele22/progetti/the-crew
[2026-08-02 12:38] Sessione terminata — dir: /home/genolele22/progetti/the-crew
[2026-08-02 12:45] Sessione terminata — dir: /home/genolele22/progetti/the-crew
[2026-08-02 12:45] Sessione terminata — dir: /home/genolele22/progetti/the-crew
[2026-08-02 12:54] Sessione terminata — dir: /home/genolele22/progetti/the-crew
[2026-08-02 12:59] Sessione terminata — dir: /home/genolele22
[2026-08-02 13:53] Sessione terminata — dir: /home/genolele22/progetti/the-crew
[2026-08-02 13:58] Sessione terminata — dir: /home/genolele22/progetti/the-crew
[2026-08-02 13:58] Sessione terminata — dir: /home/genolele22/progetti/the-crew
[2026-08-02 14:26] Sessione terminata — dir: /home/genolele22
[2026-08-02 14:37] Sessione terminata — dir: /home/genolele22/progetti/the-crew
[2026-08-02 14:39] Sessione terminata — dir: /home/genolele22/progetti/the-crew
[2026-08-02 14:40] Sessione terminata — dir: /home/genolele22/progetti/the-crew
[2026-08-02 14:46] Sessione terminata — dir: /home/genolele22/progetti/the-crew
[2026-08-02 14:55] Sessione terminata — dir: /home/genolele22/progetti/the-crew
[2026-08-02 15:01] Sessione terminata — dir: /home/genolele22/progetti/the-crew
[2026-08-02 15:06] Sessione terminata — dir: /home/genolele22/progetti/the-crew
[2026-08-02 15:08] Sessione terminata — dir: /home/genolele22/progetti/the-crew
[2026-08-02 15:22] Sessione terminata — dir: /home/genolele22/progetti/the-crew
[2026-08-02 15:34] Sessione terminata — dir: /home/genolele22/progetti/the-crew
[2026-08-02 15:43] Sessione terminata — dir: /home/genolele22/progetti/the-crew
[2026-08-02 15:48] Sessione terminata — dir: /home/genolele22/progetti/the-crew
[2026-08-02 16:08] Sessione terminata — dir: /home/genolele22/progetti/the-crew
[2026-08-02 16:09] Sessione terminata — dir: /home/genolele22/progetti/the-crew
[2026-08-02 16:18] Sessione terminata — dir: /home/genolele22/progetti/the-crew
[2026-08-02 16:22] Sessione terminata — dir: /home/genolele22/progetti/the-crew
[2026-08-02 16:46] Sessione terminata — dir: /home/genolele22/progetti/the-crew
[2026-08-02 16:49] Sessione terminata — dir: /home/genolele22/progetti/the-crew
[2026-08-05 14:23] Sessione terminata — dir: /home/genolele22/progetti/the-crew
[2026-08-05 15:47] Sessione terminata — dir: /home/genolele22
[2026-08-05 17:34] Sessione terminata — dir: /home/genolele22/progetti/the-crew
[2026-08-05 21:08] Sessione terminata — dir: /home/genolele22/progetti/the-crew
[2026-08-05 21:15] Sessione terminata — dir: /home/genolele22/asd fight in progress
[2026-08-05 21:49] Sessione terminata — dir: /home/genolele22/asd fight in progress
[2026-08-05 21:56] Sessione terminata — dir: /home/genolele22/progetti/the-crew
[2026-08-05 22:26] Sessione terminata — dir: /home/genolele22/progetti/the-crew
[2026-08-06 09:59] Sessione terminata — dir: /home/genolele22
[2026-08-06 11:06] Sessione terminata — dir: /home/genolele22
[2026-08-06 11:20] Sessione terminata — dir: /home/genolele22
[2026-08-06 11:31] Sessione terminata — dir: /home/genolele22/progetti/the-crew
[2026-08-06 12:08] Sessione terminata — dir: /home/genolele22/progetti/the-crew
[2026-08-06 12:23] Sessione terminata — dir: /home/genolele22/progetti/the-crew
[2026-08-06 12:30] Sessione terminata — dir: /home/genolele22/progetti/the-crew
[2026-08-06 12:55] Sessione terminata — dir: /home/genolele22/progetti/the-crew
[2026-08-06 12:55] Sessione terminata — dir: /home/genolele22/progetti/the-crew
[2026-08-06 13:07] Sessione terminata — dir: /home/genolele22/progetti/the-crew
[2026-08-06 13:22] Sessione terminata — dir: /home/genolele22/progetti/the-crew
[2026-08-06 14:46] Sessione terminata — dir: /home/genolele22/progetti/the-crew
[2026-08-06 14:55] Sessione terminata — dir: /home/genolele22/progetti/the-crew
[2026-08-06 15:09] Sessione terminata — dir: /home/genolele22/progetti/the-crew
[2026-08-06 15:48] Sessione terminata — dir: /home/genolele22
[2026-08-06 16:06] Sessione terminata — dir: /home/genolele22/progetti/the-crew
[2026-08-06 17:20] Sessione terminata — dir: /home/genolele22/progetti/the-crew
[2026-08-06 17:39] Sessione terminata — dir: /home/genolele22/progetti/the-crew
[2026-08-06 18:00] Sessione terminata — dir: /home/genolele22/progetti/the-crew
[2026-08-06 20:23] Sessione terminata — dir: /home/genolele22/progetti/the-crew
[2026-08-06 21:45] Sessione terminata — dir: /home/genolele22/progetti/the-crew
[2026-08-06 22:25] Sessione terminata — dir: /home/genolele22/progetti/the-crew
[2026-08-07 00:27] Sessione terminata — dir: /home/genolele22/progetti/the-crew
[2026-08-07 00:31] Sessione terminata — dir: /home/genolele22/progetti/the-crew
[2026-08-07 01:16] Sessione terminata — dir: /home/genolele22/progetti/the-crew
[2026-08-07 06:56] Sessione terminata — dir: /home/genolele22/progetti/the-crew
[2026-08-07 07:31] Sessione terminata — dir: /home/genolele22
[2026-08-07 07:44] Sessione terminata — dir: /home/genolele22/progetti/the-crew
[2026-08-07 08:04] Sessione terminata — dir: /home/genolele22/progetti/the-crew
[2026-08-07 08:15] Sessione terminata — dir: /home/genolele22/progetti/the-crew
[2026-08-07 09:44] Sessione terminata — dir: /home/genolele22/progetti/the-crew
[2026-08-07 14:42] Sessione terminata — dir: /home/genolele22/progetti/the-crew
[2026-08-07 15:59] Sessione terminata — dir: /home/genolele22/progetti/the-crew
[2026-08-07 16:04] Sessione terminata — dir: /home/genolele22/progetti/the-crew
[2026-08-07 16:37] Sessione terminata — dir: /home/genolele22/progetti/the-crew
[2026-08-07 17:46] Sessione terminata — dir: /home/genolele22/progetti/the-crew
[2026-08-07 19:53] Sessione terminata — dir: /home/genolele22/progetti/the-crew
[2026-08-07 22:48] Sessione terminata — dir: /home/genolele22/progetti/the-crew
[2026-08-09 10:21] Sessione terminata — dir: /home/genolele22
[2026-08-09 10:44] Sessione terminata — dir: /home/genolele22
[2026-08-09 11:17] Sessione terminata — dir: /home/genolele22/vvf-gestionale
[2026-08-09 11:43] Sessione terminata — dir: /home/genolele22/vvf-gestionale
[2026-08-09 11:47] Sessione terminata — dir: /home/genolele22/vvf-ferie-bot
[2026-08-09 11:55] Sessione terminata — dir: /home/genolele22/vvf-ferie-bot
[2026-08-09 12:15] Sessione terminata — dir: /home/genolele22/vvf-ferie-bot
[2026-08-09 12:26] Sessione terminata — dir: /home/genolele22/vvf-ferie-bot
[2026-08-09 12:29] Sessione terminata — dir: /home/genolele22/vvf-ferie-bot
[2026-08-09 12:39] Sessione terminata — dir: /home/genolele22/vvf-gestionale
[2026-08-09 12:41] Sessione terminata — dir: /home/genolele22/vvf-gestionale
[2026-08-09 13:06] Sessione terminata — dir: /home/genolele22/vvf-gestionale
[2026-08-09 15:47] Sessione terminata — dir: /home/genolele22/vvf-ferie-bot
[2026-08-09 15:52] Sessione terminata — dir: /home/genolele22/vvf-ferie-bot
[2026-08-09 16:00] Sessione terminata — dir: /home/genolele22/vvf-ferie-bot
[2026-08-09 16:13] Sessione terminata — dir: /home/genolele22/vvf-ferie-bot
[2026-08-09 17:07] Sessione terminata — dir: /home/genolele22/vvf-ferie-bot
[2026-08-09 17:24] Sessione terminata — dir: /home/genolele22/vvf-gestionale
[2026-08-09 17:30] Sessione terminata — dir: /home/genolele22/vvf-gestionale
[2026-08-09 17:43] Sessione terminata — dir: /home/genolele22/vvf-gestionale
[2026-08-09 17:56] Sessione terminata — dir: /home/genolele22/vvf-ferie-bot
[2026-08-09 18:18] Sessione terminata — dir: /home/genolele22/vvf-gestionale
[2026-08-10 19:16] Sessione terminata — dir: /home/genolele22/vvf-gestionale
[2026-08-10 21:13] Sessione terminata — dir: /home/genolele22
[2026-08-10 21:15] Sessione terminata — dir: /home/genolele22/vvf-gestionale
[2026-08-10 21:34] Sessione terminata — dir: /home/genolele22/vvf-ferie-bot
[2026-08-10 21:41] Sessione terminata — dir: /home/genolele22/vvf-gestionale
[2026-08-10 21:47] Sessione terminata — dir: /home/genolele22/vvf-ferie-bot
[2026-08-10 21:57] Sessione terminata — dir: /home/genolele22/vvf-ferie-bot
[2026-08-10 21:59] Sessione terminata — dir: /home/genolele22/vvf-ferie-bot
[2026-08-10 22:07] Sessione terminata — dir: /home/genolele22/vvf-gestionale
[2026-08-10 22:30] Sessione terminata — dir: /home/genolele22/vvf-ferie-bot
[2026-08-10 22:34] Sessione terminata — dir: /home/genolele22/vvf-ferie-bot
[2026-08-10 22:39] Sessione terminata — dir: /home/genolele22
[2026-08-10 22:41] Sessione terminata — dir: /home/genolele22
[2026-08-10 22:42] Sessione terminata — dir: /home/genolele22/vvf-ferie-bot
[2026-08-10 22:46] Sessione terminata — dir: /home/genolele22/vvf-ferie-bot
[2026-08-10 23:00] Sessione terminata — dir: /home/genolele22/vvf-ferie-bot
[2026-08-10 23:01] Sessione terminata — dir: /home/genolele22/vvf-ferie-bot
[2026-08-10 23:38] Sessione terminata — dir: /home/genolele22/vvf-gestionale
[2026-08-10 23:57] Sessione terminata — dir: /home/genolele22/vvf-gestionale
[2026-08-10 23:59] Sessione terminata — dir: /home/genolele22/vvf-gestionale
[2026-08-12 09:59] Sessione terminata — dir: /home/genolele22
[2026-08-12 10:02] Sessione terminata — dir: /home/genolele22/progetti/the-crew
[2026-08-13 07:30] Sessione terminata — dir: /home/genolele22
[2026-08-13 08:15] Sessione terminata — dir: /home/genolele22/progetti/the-crew
[2026-08-13 08:16] Sessione terminata — dir: /home/genolele22/progetti/the-crew
[2026-08-13 08:39] Sessione terminata — dir: /home/genolele22/progetti/the-crew
[2026-08-13 09:32] Sessione terminata — dir: /home/genolele22/progetti/the-crew
[2026-08-13 10:59] Sessione terminata — dir: /home/genolele22
[2026-08-13 11:12] Sessione terminata — dir: /home/genolele22/progetti/the-crew
[2026-08-13 11:15] Sessione terminata — dir: /home/genolele22/progetti/the-crew
[2026-08-13 13:26] Sessione terminata — dir: /home/genolele22/progetti/the-crew
[2026-08-13 13:39] Sessione terminata — dir: /home/genolele22/progetti/the-crew
[2026-08-13 13:46] Sessione terminata — dir: /home/genolele22/progetti/the-crew
[2026-08-13 13:56] Sessione terminata — dir: /home/genolele22/progetti/the-crew
[2026-08-13 14:48] Sessione terminata — dir: /home/genolele22/progetti/the-crew
[2026-08-13 15:48] Sessione terminata — dir: /home/genolele22/progetti/the-crew
[2026-08-13 16:00] Sessione terminata — dir: /home/genolele22/progetti/the-crew
[2026-08-13 16:02] Sessione terminata — dir: /home/genolele22/progetti/the-crew
[2026-08-13 16:12] Sessione terminata — dir: /home/genolele22
[2026-08-13 16:46] Sessione terminata — dir: /home/genolele22
[2026-08-13 17:03] Sessione terminata — dir: /home/genolele22
[2026-08-13 17:45] Sessione terminata — dir: /home/genolele22/progetti/the-crew
[2026-08-13 20:07] Sessione terminata — dir: /home/genolele22/progetti/the-crew
[2026-08-13 20:11] Sessione terminata — dir: /home/genolele22/progetti/the-crew
[2026-08-13 21:51] Sessione terminata — dir: /home/genolele22/progetti/the-crew
[2026-08-13 22:08] Sessione terminata — dir: /home/genolele22/progetti/the-crew
[2026-08-14 07:30] Sessione terminata — dir: /home/genolele22
[2026-08-14 08:14] Sessione terminata — dir: /home/genolele22
[2026-08-14 08:29] Sessione terminata — dir: /home/genolele22/progetti/the-crew
[2026-08-14 08:32] Sessione terminata — dir: /home/genolele22
[2026-08-14 09:52] Sessione terminata — dir: /home/genolele22/progetti/the-crew
[2026-08-14 10:07] Sessione terminata — dir: /home/genolele22/progetti/the-crew
[2026-08-14 10:24] Sessione terminata — dir: /home/genolele22/progetti/the-crew
[2026-08-14 10:29] Sessione terminata — dir: /home/genolele22/progetti/the-crew
[2026-08-14 10:38] Sessione terminata — dir: /home/genolele22/progetti/the-crew
[2026-08-14 10:56] Sessione terminata — dir: /home/genolele22/progetti/the-crew
[2026-08-14 11:34] Sessione terminata — dir: /home/genolele22/progetti/the-crew
[2026-08-14 11:37] Sessione terminata — dir: /home/genolele22/progetti/the-crew
[2026-08-14 12:17] Sessione terminata — dir: /home/genolele22/progetti/the-crew
[2026-08-14 12:42] Sessione terminata — dir: /home/genolele22/progetti/the-crew
[2026-08-14 13:56] Sessione terminata — dir: /home/genolele22/progetti/the-crew
[2026-08-14 15:11] Sessione terminata — dir: /home/genolele22/progetti/the-crew
[2026-08-14 18:10] Sessione terminata — dir: /home/genolele22/progetti/the-crew
[2026-08-14 18:16] Sessione terminata — dir: /home/genolele22/progetti/the-crew
[2026-08-14 18:30] Sessione terminata — dir: /home/genolele22/asd fight in progress
[2026-08-14 18:45] Sessione terminata — dir: /home/genolele22
[2026-08-14 18:53] Sessione terminata — dir: /home/genolele22
[2026-08-14 18:55] Sessione terminata — dir: /home/genolele22
[2026-08-15 07:30] Sessione terminata — dir: /home/genolele22
[2026-08-15 12:38] Sessione terminata — dir: /home/genolele22
[2026-08-15 12:39] Sessione terminata — dir: /home/genolele22
[2026-08-15 12:41] Sessione terminata — dir: /home/genolele22
[2026-08-15 12:50] Sessione terminata — dir: /home/genolele22/progetti/the-crew
[2026-08-15 12:57] Sessione terminata — dir: /home/genolele22/progetti/the-crew
[2026-08-15 13:35] Sessione terminata — dir: /home/genolele22
[2026-08-15 14:01] Sessione terminata — dir: /home/genolele22
[2026-08-15 14:10] Sessione terminata — dir: /home/genolele22/progetti/the-crew
[2026-08-15 15:46] Sessione terminata — dir: /home/genolele22/progetti/the-crew
[2026-08-15 15:59] Sessione terminata — dir: /home/genolele22/progetti/the-crew
[2026-08-15 16:07] Sessione terminata — dir: /home/genolele22/progetti/the-crew
[2026-08-15 16:18] Sessione terminata — dir: /home/genolele22/progetti/the-crew
[2026-08-15 16:20] Sessione terminata — dir: /home/genolele22/progetti/the-crew
[2026-08-15 16:26] Sessione terminata — dir: /home/genolele22
[2026-08-15 16:40] Sessione terminata — dir: /home/genolele22
[2026-08-16 07:30] Sessione terminata — dir: /home/genolele22
[2026-08-16 14:21] Sessione terminata — dir: /home/genolele22/progetti/the-crew
[2026-08-16 14:39] Sessione terminata — dir: /home/genolele22/progetti/the-crew
[2026-08-16 15:16] Sessione terminata — dir: /home/genolele22/progetti/the-crew
[2026-08-16 15:39] Sessione terminata — dir: /home/genolele22/progetti/the-crew
[2026-08-16 15:46] Sessione terminata — dir: /home/genolele22/progetti/the-crew
[2026-08-16 16:00] Sessione terminata — dir: /home/genolele22/progetti/the-crew
[2026-08-16 16:16] Sessione terminata — dir: /home/genolele22/progetti/the-crew
[2026-08-16 16:19] Sessione terminata — dir: /home/genolele22/progetti/the-crew
[2026-08-16 16:32] Sessione terminata — dir: /home/genolele22/progetti/the-crew
[2026-08-16 16:41] Sessione terminata — dir: /home/genolele22/progetti/the-crew
[2026-08-16 16:44] Sessione terminata — dir: /home/genolele22/progetti/the-crew
[2026-08-16 16:48] Sessione terminata — dir: /home/genolele22/progetti/the-crew
[2026-08-16 16:53] Sessione terminata — dir: /home/genolele22/progetti/the-crew
[2026-08-16 16:58] Sessione terminata — dir: /home/genolele22/progetti/the-crew
[2026-08-16 17:01] Sessione terminata — dir: /home/genolele22/progetti/the-crew
[2026-08-16 17:04] Sessione terminata — dir: /home/genolele22/progetti/the-crew
[2026-08-16 17:06] Sessione terminata — dir: /home/genolele22/progetti/the-crew
[2026-08-16 17:08] Sessione terminata — dir: /home/genolele22/progetti/the-raven
[2026-08-16 17:09] Sessione terminata — dir: /home/genolele22/progetti/the-crew
[2026-08-16 17:10] Sessione terminata — dir: /home/genolele22/progetti/the-crew
[2026-08-16 17:12] Sessione terminata — dir: /home/genolele22/progetti/the-crew
[2026-08-16 17:31] Sessione terminata — dir: /home/genolele22/progetti/the-crew
[2026-08-16 17:43] Sessione terminata — dir: /home/genolele22/progetti/the-crew
[2026-08-16 17:49] Sessione terminata — dir: /home/genolele22/progetti/the-crew/public/marchi
[2026-08-16 17:55] Sessione terminata — dir: /home/genolele22/progetti/the-crew/public/marchi
[2026-08-16 17:57] Sessione terminata — dir: /home/genolele22/progetti/the-crew/public/marchi
[2026-08-16 17:58] Sessione terminata — dir: /home/genolele22/progetti/the-crew/public/marchi
[2026-08-16 18:00] Sessione terminata — dir: /home/genolele22/progetti/the-crew/public/marchi
[2026-08-16 18:02] Sessione terminata — dir: /home/genolele22/progetti/the-crew/public/marchi
[2026-08-16 18:09] Sessione terminata — dir: /home/genolele22/progetti/the-crew
[2026-08-16 18:13] Sessione terminata — dir: /home/genolele22/progetti/the-crew
[2026-08-16 19:05] Sessione terminata — dir: /home/genolele22/progetti/the-crew
[2026-08-16 19:18] Sessione terminata — dir: /home/genolele22/progetti/the-crew
[2026-08-16 19:21] Sessione terminata — dir: /home/genolele22/progetti/the-crew
[2026-08-16 19:24] Sessione terminata — dir: /home/genolele22/progetti/the-crew
[2026-08-16 19:29] Sessione terminata — dir: /home/genolele22/progetti/the-crew
[2026-08-17 10:08] Sessione terminata — dir: /home/genolele22
[2026-08-17 10:11] Sessione terminata — dir: /home/genolele22
[2026-08-17 10:22] Sessione terminata — dir: /home/genolele22/vvf-gestionale
[2026-08-17 10:51] Sessione terminata — dir: /home/genolele22/vvf-gestionale
[2026-08-17 10:53] Sessione terminata — dir: /home/genolele22/vvf-gestionale
[2026-08-17 11:06] Sessione terminata — dir: /home/genolele22/vvf-gestionale
[2026-08-17 11:10] Sessione terminata — dir: /home/genolele22/vvf-gestionale
[2026-08-17 11:11] Sessione terminata — dir: /home/genolele22/vvf-gestionale
[2026-08-17 11:13] Sessione terminata — dir: /home/genolele22/vvf-gestionale
[2026-08-17 11:25] Sessione terminata — dir: /home/genolele22/vvf-gestionale
[2026-08-17 11:37] Sessione terminata — dir: /home/genolele22/vvf-gestionale
[2026-08-17 12:01] Sessione terminata — dir: /home/genolele22/vvf-gestionale
[2026-08-17 12:14] Sessione terminata — dir: /home/genolele22/vvf-gestionale
[2026-08-17 12:23] Sessione terminata — dir: /home/genolele22/vvf-gestionale
[2026-08-17 12:25] Sessione terminata — dir: /home/genolele22/vvf-gestionale
[2026-08-17 12:33] Sessione terminata — dir: /home/genolele22/vvf-gestionale
[2026-08-17 12:35] Sessione terminata — dir: /home/genolele22/vvf-gestionale
[2026-08-17 15:12] Sessione terminata — dir: /home/genolele22/vvf-gestionale
[2026-08-17 16:50] Sessione terminata — dir: /home/genolele22/cervello
[2026-08-17 16:55] Sessione terminata — dir: /home/genolele22
[2026-08-17 17:09] Sessione terminata — dir: /home/genolele22/vvf-gestionale
[2026-08-17 17:26] Sessione terminata — dir: /home/genolele22
[2026-08-17 17:26] Sessione terminata — dir: /home/genolele22/vvf-gestionale
[2026-08-17 17:27] Sessione terminata — dir: /home/genolele22
[2026-08-17 17:46] Sessione terminata — dir: /home/genolele22/vvf-gestionale
[2026-08-17 17:47] Sessione terminata — dir: /home/genolele22/progetti/the-crew
[2026-08-17 17:50] Sessione terminata — dir: /home/genolele22/progetti/the-crew
[2026-08-17 18:02] Sessione terminata — dir: /home/genolele22/progetti/the-crew
[2026-08-17 18:29] Sessione terminata — dir: /home/genolele22/progetti/the-crew
[2026-08-17 19:07] Sessione terminata — dir: /home/genolele22/progetti/the-crew
[2026-08-17 19:11] Sessione terminata — dir: /home/genolele22/progetti/the-crew
[2026-08-17 19:15] Sessione terminata — dir: /home/genolele22/progetti/the-crew
[2026-08-17 19:17] Sessione terminata — dir: /home/genolele22/vvf-gestionale
[2026-08-17 19:17] Sessione terminata — dir: /home/genolele22/progetti/the-crew
[2026-08-17 19:25] Sessione terminata — dir: /home/genolele22/progetti/the-crew
[2026-08-17 19:27] Sessione terminata — dir: /home/genolele22/vvf-gestionale
[2026-08-17 19:29] Sessione terminata — dir: /home/genolele22/vvf-gestionale
[2026-08-17 19:32] Sessione terminata — dir: /home/genolele22/progetti/the-crew
[2026-08-17 20:45] Sessione terminata — dir: /home/genolele22/progetti/the-crew
[2026-08-17 20:47] Sessione terminata — dir: /home/genolele22/vvf-gestionale
[2026-08-17 20:58] Sessione terminata — dir: /home/genolele22/progetti/the-crew
[2026-08-17 21:01] Sessione terminata — dir: /home/genolele22/vvf-gestionale
[2026-08-17 22:05] Sessione terminata — dir: /home/genolele22/progetti/the-crew
[2026-08-17 22:12] Sessione terminata — dir: /home/genolele22/progetti/the-crew
[2026-08-17 22:52] Sessione terminata — dir: /home/genolele22/progetti/the-crew
[2026-08-17 22:56] Sessione terminata — dir: /home/genolele22/cervello
[2026-08-18 13:03] Sessione terminata — dir: /home/genolele22
[2026-08-18 13:17] Sessione terminata — dir: /home/genolele22/.claude/projects/-home-genolele22/memory
[2026-08-18 13:45] Sessione terminata — dir: /home/genolele22/progetti/the-crew
[2026-08-18 13:51] Sessione terminata — dir: /home/genolele22/progetti/the-crew
[2026-08-18 13:55] Sessione terminata — dir: /home/genolele22/progetti/the-crew
[2026-08-18 14:12] Sessione terminata — dir: /home/genolele22
[2026-08-18 14:46] Sessione terminata — dir: /home/genolele22/progetti/the-crew
[2026-08-18 18:08] Sessione terminata — dir: /home/genolele22
[2026-08-18 18:30] Sessione terminata — dir: /home/genolele22/progetti/the-crew
[2026-08-18 18:53] Sessione terminata — dir: /home/genolele22/progetti/the-crew
[2026-08-18 19:13] Sessione terminata — dir: /home/genolele22/.claude/projects/-home-genolele22/memory
[2026-08-18 19:20] Sessione terminata — dir: /home/genolele22/.claude/projects/-home-genolele22/memory
[2026-08-18 19:38] Sessione terminata — dir: /home/genolele22/.claude/projects/-home-genolele22/memory
[2026-08-18 19:51] Sessione terminata — dir: /home/genolele22/progetti/the-crew
[2026-08-18 20:08] Sessione terminata — dir: /home/genolele22/progetti/the-crew
[2026-08-18 20:24] Sessione terminata — dir: /home/genolele22/progetti/the-crew
[2026-08-18 20:42] Sessione terminata — dir: /home/genolele22/progetti/the-crew
[2026-08-18 20:44] Sessione terminata — dir: /home/genolele22/progetti/the-crew
[2026-08-18 20:47] Sessione terminata — dir: /home/genolele22/progetti/the-crew
[2026-08-18 20:56] Sessione terminata — dir: /home/genolele22/progetti/the-crew
[2026-08-18 21:09] Sessione terminata — dir: /home/genolele22/progetti/the-crew
[2026-08-18 21:11] Sessione terminata — dir: /home/genolele22/progetti/the-crew
[2026-08-18 21:12] Sessione terminata — dir: /home/genolele22/progetti/the-crew
[2026-08-18 21:18] Sessione terminata — dir: /home/genolele22/progetti/the-crew
[2026-08-18 21:31] Sessione terminata — dir: /home/genolele22/cervello
[2026-08-19 07:31] Sessione terminata — dir: /home/genolele22
[2026-08-19 09:09] Sessione terminata — dir: /home/genolele22/cervello
[2026-08-19 12:17] Sessione terminata — dir: /home/genolele22/cervello
[2026-08-19 12:30] Sessione terminata — dir: /home/genolele22/progetti/the-crew
[2026-08-19 14:34] Sessione terminata — dir: /home/genolele22/progetti/the-crew
[2026-08-19 14:57] Sessione terminata — dir: /home/genolele22
[2026-08-19 15:15] Sessione terminata — dir: /home/genolele22/progetti/the-crew
[2026-08-19 17:42] Sessione terminata — dir: /home/genolele22
[2026-08-19 17:55] Sessione terminata — dir: /home/genolele22
[2026-08-19 18:30] Sessione terminata — dir: /home/genolele22
[2026-08-19 18:48] Sessione terminata — dir: /home/genolele22
[2026-08-19 19:12] Sessione terminata — dir: /home/genolele22/cervello
[2026-08-19 19:42] Sessione terminata — dir: /home/genolele22/cervello
[2026-08-19 19:43] Sessione terminata — dir: /home/genolele22/cervello
[2026-08-19 19:46] Sessione terminata — dir: /home/genolele22/cervello
[2026-08-19 20:03] Sessione terminata — dir: /home/genolele22/cervello
[2026-08-19 20:19] Sessione terminata — dir: /home/genolele22/cervello
[2026-08-19 20:26] Sessione terminata — dir: /home/genolele22/cervello
[2026-08-19 20:38] Sessione terminata — dir: /home/genolele22/cervello
[2026-08-19 20:40] Sessione terminata — dir: /home/genolele22/cervello
[2026-08-19 20:42] Sessione terminata — dir: /home/genolele22/cervello
[2026-08-19 22:50] Sessione terminata — dir: /home/genolele22/cervello
[2026-08-19 23:05] Sessione terminata — dir: /home/genolele22/cervello
[2026-08-19 23:16] Sessione terminata — dir: /home/genolele22/cervello
[2026-08-19 23:34] Sessione terminata — dir: /home/genolele22/cervello
[2026-08-19 23:41] Sessione terminata — dir: /home/genolele22/cervello
[2026-08-19 23:56] Sessione terminata — dir: /home/genolele22/progetti/the-crew
[2026-08-20 00:47] Sessione terminata — dir: /home/genolele22/progetti/the-crew
[2026-08-20 00:50] Sessione terminata — dir: /home/genolele22/progetti/the-crew
[2026-08-20 01:19] Sessione terminata — dir: /home/genolele22/progetti/the-crew
[2026-08-20 04:48] Sessione terminata — dir: /home/genolele22/progetti/the-crew
[2026-08-20 07:30] Sessione terminata — dir: /home/genolele22
[2026-08-20 08:32] Sessione terminata — dir: /home/genolele22/progetti/the-crew
[2026-08-20 08:55] Sessione terminata — dir: /home/genolele22/progetti/the-crew
[2026-08-20 09:53] Sessione terminata — dir: /home/genolele22/progetti/the-crew
[2026-08-20 10:19] Sessione terminata — dir: /home/genolele22/progetti/the-crew
[2026-08-20 10:26] Sessione terminata — dir: /home/genolele22/progetti/the-crew
[2026-08-20 10:55] Sessione terminata — dir: /home/genolele22/progetti/the-crew
[2026-08-20 11:24] Sessione terminata — dir: /home/genolele22/progetti/the-crew
[2026-08-20 11:31] Sessione terminata — dir: /home/genolele22/progetti/the-crew
[2026-08-20 12:01] Sessione terminata — dir: /home/genolele22/progetti/the-crew
[2026-08-20 12:48] Sessione terminata — dir: /home/genolele22/progetti/the-crew
[2026-08-20 12:49] Sessione terminata — dir: /home/genolele22/progetti/the-crew
[2026-08-20 12:53] Sessione terminata — dir: /home/genolele22/progetti/the-crew
[2026-08-20 14:54] Sessione terminata — dir: /home/genolele22/progetti/the-crew
[2026-08-20 14:57] Sessione terminata — dir: /home/genolele22/progetti/the-crew
[2026-08-20 15:10] Sessione terminata — dir: /home/genolele22/progetti/the-crew
[2026-08-20 15:17] Sessione terminata — dir: /home/genolele22
[2026-08-20 15:18] Sessione terminata — dir: /home/genolele22
[2026-08-20 15:20] Sessione terminata — dir: /home/genolele22/progetti/the-crew
[2026-08-20 15:24] Sessione terminata — dir: /home/genolele22/progetti/the-crew
[2026-08-20 15:28] Sessione terminata — dir: /home/genolele22/progetti/the-crew
[2026-08-20 15:49] Sessione terminata — dir: /home/genolele22/progetti/the-crew
[2026-08-20 15:54] Sessione terminata — dir: /home/genolele22/progetti/the-crew
[2026-08-20 16:08] Sessione terminata — dir: /home/genolele22/progetti/the-crew
[2026-08-20 17:56] Sessione terminata — dir: /home/genolele22/progetti/the-crew
[2026-08-20 18:20] Sessione terminata — dir: /home/genolele22/progetti/the-crew
[2026-08-20 18:22] Sessione terminata — dir: /home/genolele22/progetti/the-crew
[2026-08-20 18:25] Sessione terminata — dir: /home/genolele22/progetti/the-crew
[2026-08-20 19:08] Sessione terminata — dir: /home/genolele22/progetti/the-crew
[2026-08-20 20:08] Sessione terminata — dir: /home/genolele22/progetti/the-crew
[2026-08-20 20:32] Sessione terminata — dir: /home/genolele22/progetti/the-crew
[2026-08-20 20:52] Sessione terminata — dir: /home/genolele22/progetti/the-crew
[2026-08-22 10:55] Sessione terminata — dir: /home/genolele22
[2026-08-22 11:11] Sessione terminata — dir: /home/genolele22/progetti/the-crew
[2026-08-22 11:36] Sessione terminata — dir: /home/genolele22/progetti/the-crew
[2026-08-22 11:41] Sessione terminata — dir: /home/genolele22/progetti/the-crew
[2026-08-22 11:43] Sessione terminata — dir: /home/genolele22/progetti/the-crew
[2026-08-22 11:45] Sessione terminata — dir: /home/genolele22
[2026-08-22 11:46] Sessione terminata — dir: /home/genolele22
[2026-08-22 11:48] Sessione terminata — dir: /home/genolele22
[2026-08-22 12:11] Sessione terminata — dir: /home/genolele22/progetti/the-crew
[2026-08-22 12:21] Sessione terminata — dir: /home/genolele22/progetti/the-crew
[2026-08-22 12:26] Sessione terminata — dir: /home/genolele22/progetti/the-crew
[2026-08-22 12:34] Sessione terminata — dir: /home/genolele22/progetti/the-crew
[2026-08-22 12:38] Sessione terminata — dir: /home/genolele22/progetti/the-crew
[2026-08-22 12:38] Sessione terminata — dir: /home/genolele22/progetti/the-crew
[2026-08-22 12:57] Sessione terminata — dir: /home/genolele22/progetti/the-crew
[2026-08-22 12:59] Sessione terminata — dir: /home/genolele22/progetti/the-crew
[2026-08-22 13:06] Sessione terminata — dir: /home/genolele22/progetti/the-crew
[2026-08-22 18:01] Sessione terminata — dir: /home/genolele22/progetti/the-crew
[2026-08-22 18:29] Sessione terminata — dir: /home/genolele22/progetti/the-crew
[2026-08-22 18:44] Sessione terminata — dir: /home/genolele22/progetti/the-crew
[2026-08-22 18:47] Sessione terminata — dir: /home/genolele22/progetti/the-crew
[2026-08-22 18:52] Sessione terminata — dir: /home/genolele22/progetti/the-crew
[2026-08-22 18:55] Sessione terminata — dir: /home/genolele22/cervello
[2026-08-22 18:57] Sessione terminata — dir: /home/genolele22/cervello
[2026-08-22 19:04] Sessione terminata — dir: /home/genolele22/cervello/progetti
[2026-08-22 19:08] Sessione terminata — dir: /home/genolele22/cervello/progetti
[2026-08-22 19:10] Sessione terminata — dir: /home/genolele22/cervello
[2026-08-22 19:12] Sessione terminata — dir: /home/genolele22/cervello
[2026-08-22 19:15] Sessione terminata — dir: /home/genolele22/cervello
[2026-08-22 19:17] Sessione terminata — dir: /home/genolele22/cervello
[2026-08-22 19:19] Sessione terminata — dir: /home/genolele22/cervello
[2026-08-22 19:21] Sessione terminata — dir: /home/genolele22/cervello/progetti
[2026-08-22 19:22] Sessione terminata — dir: /home/genolele22/cervello/progetti
[2026-08-22 19:23] Sessione terminata — dir: /home/genolele22/cervello/progetti
[2026-08-22 19:27] Sessione terminata — dir: /home/genolele22/cervello/progetti
[2026-08-22 19:30] Sessione terminata — dir: /home/genolele22/cervello/progetti
[2026-08-22 19:30] Sessione terminata — dir: /home/genolele22/cervello
[2026-08-22 19:32] Sessione terminata — dir: /home/genolele22/cervello
[2026-08-22 19:38] Sessione terminata — dir: /home/genolele22/vvf-gestionale
[2026-08-22 19:39] Sessione terminata — dir: /home/genolele22/cervello
[2026-08-22 19:42] Sessione terminata — dir: /home/genolele22/vvf-gestionale
[2026-08-22 22:19] Sessione terminata — dir: /home/genolele22
[2026-08-22 22:26] Sessione terminata — dir: /home/genolele22
[2026-08-22 22:46] Sessione terminata — dir: /home/genolele22/vvf-gestionale
[2026-08-22 22:55] Sessione terminata — dir: /home/genolele22/vvf-gestionale
[2026-08-23 16:54] Sessione terminata — dir: /home/genolele22/progetti/the-crew
[2026-08-23 16:54] Sessione terminata — dir: /home/genolele22
[2026-08-23 17:33] Sessione terminata — dir: /home/genolele22/progetti/the-crew
[2026-08-23 17:33] Sessione terminata — dir: /home/genolele22/progetti/the-crew
[2026-08-23 17:34] Sessione terminata — dir: /home/genolele22/progetti/the-crew
[2026-08-23 17:57] Sessione terminata — dir: /home/genolele22/progetti/the-crew
[2026-08-23 18:05] Sessione terminata — dir: /home/genolele22/progetti/the-crew
[2026-08-23 18:56] Sessione terminata — dir: /home/genolele22/progetti/the-crew
[2026-08-23 19:26] Sessione terminata — dir: /home/genolele22/progetti/the-crew
[2026-08-23 19:50] Sessione terminata — dir: /home/genolele22/progetti/the-crew
[2026-08-23 19:59] Sessione terminata — dir: /home/genolele22/progetti/the-crew
[2026-08-23 20:09] Sessione terminata — dir: /home/genolele22/progetti/the-crew
[2026-08-23 20:12] Sessione terminata — dir: /home/genolele22/progetti/the-crew
[2026-08-23 20:16] Sessione terminata — dir: /home/genolele22/progetti/the-crew
[2026-08-23 21:36] Sessione terminata — dir: /home/genolele22/progetti/the-crew
[2026-08-23 22:06] Sessione terminata — dir: /home/genolele22/progetti/the-crew
[2026-08-23 22:34] Sessione terminata — dir: /home/genolele22/progetti/the-crew
[2026-08-23 22:49] Sessione terminata — dir: /home/genolele22/progetti/the-crew
[2026-08-23 22:56] Sessione terminata — dir: /home/genolele22/progetti/the-crew
[2026-08-24 07:30] Sessione terminata — dir: /home/genolele22
[2026-08-24 08:56] Sessione terminata — dir: /home/genolele22/progetti/the-crew
[2026-08-24 09:21] Sessione terminata — dir: /home/genolele22/progetti/the-crew
[2026-08-24 09:59] Sessione terminata — dir: /home/genolele22/progetti/the-crew
[2026-08-24 10:16] Sessione terminata — dir: /home/genolele22/progetti/the-crew
[2026-08-24 10:32] Sessione terminata — dir: /home/genolele22/progetti/the-crew
[2026-08-24 10:46] Sessione terminata — dir: /home/genolele22/progetti/the-crew
[2026-08-24 11:32] Sessione terminata — dir: /home/genolele22/progetti/the-crew
[2026-08-24 13:43] Sessione terminata — dir: /home/genolele22/progetti/the-crew
[2026-08-24 13:49] Sessione terminata — dir: /home/genolele22/progetti/the-crew
[2026-08-24 15:07] Sessione terminata — dir: /home/genolele22/progetti/the-crew
[2026-08-24 16:12] Sessione terminata — dir: /home/genolele22/progetti/the-crew
[2026-08-24 18:14] Sessione terminata — dir: /home/genolele22/progetti/the-crew
[2026-08-24 18:33] Sessione terminata — dir: /home/genolele22/progetti/the-crew
[2026-08-24 18:43] Sessione terminata — dir: /home/genolele22/progetti/the-crew
[2026-08-25 15:31] Sessione terminata — dir: /home/genolele22
[2026-08-25 15:31] Sessione terminata — dir: /home/genolele22
[2026-08-25 15:43] Sessione terminata — dir: /home/genolele22/vvf-gestionale
[2026-08-25 15:45] Sessione terminata — dir: /home/genolele22/vvf-gestionale
[2026-08-25 15:56] Sessione terminata — dir: /home/genolele22/vvf-gestionale
[2026-08-25 16:13] Sessione terminata — dir: /home/genolele22/vvf-ferie-bot
[2026-08-25 16:14] Sessione terminata — dir: /home/genolele22/vvf-ferie-bot
[2026-08-25 16:18] Sessione terminata — dir: /home/genolele22/vvf-ferie-bot
[2026-08-25 16:32] Sessione terminata — dir: /home/genolele22/vvf-gestionale
[2026-08-25 16:45] Sessione terminata — dir: /home/genolele22/vvf-gestionale
[2026-08-25 16:54] Sessione terminata — dir: /home/genolele22/vvf-gestionale
[2026-08-25 17:07] Sessione terminata — dir: /home/genolele22/vvf-gestionale
[2026-08-25 17:22] Sessione terminata — dir: /home/genolele22/vvf-gestionale
[2026-08-25 17:27] Sessione terminata — dir: /home/genolele22/vvf-gestionale
[2026-08-25 18:13] Sessione terminata — dir: /home/genolele22/vvf-gestionale
[2026-08-25 19:49] Sessione terminata — dir: /home/genolele22/vvf-gestionale
[2026-08-25 19:55] Sessione terminata — dir: /home/genolele22/vvf-ferie-bot
[2026-08-26 10:25] Sessione terminata — dir: /home/genolele22
[2026-08-26 10:26] Sessione terminata — dir: /home/genolele22
[2026-08-26 10:48] Sessione terminata — dir: /home/genolele22/progetti/the-crew
[2026-08-26 19:53] Sessione terminata — dir: /home/genolele22/vvf-gestionale
[2026-08-26 20:04] Sessione terminata — dir: /home/genolele22/vvf-gestionale
[2026-08-26 20:22] Sessione terminata — dir: /home/genolele22/vvf-gestionale
[2026-08-26 20:54] Sessione terminata — dir: /home/genolele22/progetti/the-crew
[2026-08-26 21:05] Sessione terminata — dir: /home/genolele22/vvf-gestionale
[2026-08-26 21:19] Sessione terminata — dir: /home/genolele22/vvf-gestionale
[2026-08-26 21:27] Sessione terminata — dir: /home/genolele22/vvf-gestionale
[2026-08-26 21:35] Sessione terminata — dir: /home/genolele22/vvf-gestionale
[2026-08-26 21:54] Sessione terminata — dir: /home/genolele22/progetti/the-crew
[2026-08-26 22:17] Sessione terminata — dir: /home/genolele22/progetti/the-crew
[2026-08-26 22:25] Sessione terminata — dir: /home/genolele22/progetti/the-crew
[2026-08-26 22:47] Sessione terminata — dir: /home/genolele22/progetti/the-crew
[2026-08-26 22:58] Sessione terminata — dir: /home/genolele22/cervello
[2026-08-26 23:06] Sessione terminata — dir: /home/genolele22/vvf-gestionale
[2026-08-26 23:09] Sessione terminata — dir: /home/genolele22/vvf-gestionale
[2026-08-26 23:20] Sessione terminata — dir: /home/genolele22/vvf-gestionale
[2026-08-27 01:09] Sessione terminata — dir: /home/genolele22/vvf-gestionale
[2026-08-27 01:21] Sessione terminata — dir: /home/genolele22/vvf-gestionale
[2026-08-27 03:10] Sessione terminata — dir: /home/genolele22/vvf-gestionale
[2026-08-27 03:22] Sessione terminata — dir: /home/genolele22/vvf-gestionale
[2026-08-27 07:04] Sessione terminata — dir: /home/genolele22/vvf-gestionale
[2026-08-27 07:30] Sessione terminata — dir: /home/genolele22
[2026-08-27 07:34] Sessione terminata — dir: /home/genolele22/vvf-gestionale
[2026-08-27 07:37] Sessione terminata — dir: /home/genolele22/vvf-gestionale
[2026-08-27 12:23] Sessione terminata — dir: /home/genolele22/progetti/the-crew
[2026-08-27 12:30] Sessione terminata — dir: /home/genolele22/progetti/the-crew
[2026-08-27 12:36] Sessione terminata — dir: /home/genolele22/progetti/the-crew
[2026-08-27 18:07] Sessione terminata — dir: /home/genolele22/progetti/the-crew
[2026-08-27 18:23] Sessione terminata — dir: /home/genolele22/progetti/the-crew
[2026-08-27 18:26] Sessione terminata — dir: /home/genolele22/progetti/the-crew
[2026-08-27 18:50] Sessione terminata — dir: /home/genolele22/progetti/the-crew
[2026-08-27 18:53] Sessione terminata — dir: /home/genolele22/progetti/the-crew
[2026-08-27 18:54] Sessione terminata — dir: /home/genolele22/progetti/the-crew
[2026-08-27 18:56] Sessione terminata — dir: /home/genolele22/progetti/the-crew
[2026-08-27 18:56] Sessione terminata — dir: /home/genolele22/progetti/the-crew
[2026-08-27 18:58] Sessione terminata — dir: /home/genolele22/progetti/the-crew
[2026-08-27 19:00] Sessione terminata — dir: /home/genolele22/progetti/the-crew
[2026-08-27 19:06] Sessione terminata — dir: /home/genolele22/progetti/the-crew
[2026-08-27 19:10] Sessione terminata — dir: /home/genolele22/progetti/the-crew
[2026-08-27 19:11] Sessione terminata — dir: /home/genolele22
[2026-08-27 19:13] Sessione terminata — dir: /home/genolele22
[2026-08-27 19:38] Sessione terminata — dir: /home/genolele22
[2026-08-27 19:47] Sessione terminata — dir: /home/genolele22
[2026-08-27 20:06] Sessione terminata — dir: /home/genolele22
[2026-08-27 20:07] Sessione terminata — dir: /home/genolele22
[2026-08-27 22:58] Sessione terminata — dir: /home/genolele22
[2026-08-28 07:30] Sessione terminata — dir: /home/genolele22
[2026-08-28 12:43] Sessione terminata — dir: /home/genolele22
[2026-08-28 12:49] Sessione terminata — dir: /home/genolele22
[2026-08-28 13:01] Sessione terminata — dir: /home/genolele22/progetti/the-crew
[2026-08-28 13:05] Sessione terminata — dir: /home/genolele22/progetti/the-crew
[2026-08-28 13:13] Sessione terminata — dir: /home/genolele22/progetti/the-crew
[2026-08-28 13:15] Sessione terminata — dir: /home/genolele22/progetti/the-crew
[2026-08-28 13:17] Sessione terminata — dir: /home/genolele22/progetti/the-crew
[2026-08-28 13:18] Sessione terminata — dir: /home/genolele22/progetti/the-crew
[2026-08-28 13:20] Sessione terminata — dir: /home/genolele22/progetti/the-crew
[2026-08-28 13:23] Sessione terminata — dir: /home/genolele22/progetti/the-crew
[2026-08-28 13:32] Sessione terminata — dir: /home/genolele22/progetti/the-crew
[2026-08-29 06:48] Sessione terminata — dir: /home/genolele22
[2026-08-29 06:48] Sessione terminata — dir: /home/genolele22/progetti/the-crew
[2026-08-29 07:09] Sessione terminata — dir: /home/genolele22/progetti/the-crew
[2026-08-29 07:48] Sessione terminata — dir: /home/genolele22/progetti/the-crew
[2026-08-29 07:54] Sessione terminata — dir: /home/genolele22/progetti/the-crew
[2026-08-29 07:55] Sessione terminata — dir: /home/genolele22/progetti/the-crew
[2026-08-29 08:01] Sessione terminata — dir: /home/genolele22/progetti/the-crew
[2026-08-29 08:49] Sessione terminata — dir: /home/genolele22/progetti/the-crew
[2026-08-29 08:51] Sessione terminata — dir: /home/genolele22/progetti/the-crew
[2026-08-29 09:04] Sessione terminata — dir: /home/genolele22/progetti/the-crew
[2026-08-29 13:22] Sessione terminata — dir: /home/genolele22/progetti/the-crew
[2026-08-29 13:37] Sessione terminata — dir: /home/genolele22/progetti/the-crew
[2026-08-29 13:58] Sessione terminata — dir: /home/genolele22/progetti/the-crew
[2026-08-29 14:11] Sessione terminata — dir: /home/genolele22/progetti/the-crew
[2026-08-29 14:19] Sessione terminata — dir: /home/genolele22/vvf-ferie-bot
[2026-08-29 14:38] Sessione terminata — dir: /home/genolele22/progetti/the-crew
[2026-08-29 15:37] Sessione terminata — dir: /home/genolele22/progetti/the-crew
[2026-08-29 15:40] Sessione terminata — dir: /home/genolele22/progetti/the-crew
[2026-08-29 16:11] Sessione terminata — dir: /home/genolele22/progetti/the-crew
[2026-08-29 18:12] Sessione terminata — dir: /home/genolele22/progetti/the-crew
[2026-08-29 18:17] Sessione terminata — dir: /home/genolele22/progetti/the-crew
[2026-08-29 18:24] Sessione terminata — dir: /home/genolele22/progetti/the-crew
[2026-08-29 18:38] Sessione terminata — dir: /home/genolele22/progetti/the-crew
[2026-08-29 18:44] Sessione terminata — dir: /home/genolele22/progetti/the-crew
[2026-08-29 18:49] Sessione terminata — dir: /home/genolele22/progetti/the-crew
[2026-08-29 19:00] Sessione terminata — dir: /home/genolele22/progetti/the-crew
[2026-08-29 19:14] Sessione terminata — dir: /home/genolele22/progetti/the-crew
[2026-08-29 19:37] Sessione terminata — dir: /home/genolele22/progetti/the-crew
[2026-08-29 19:39] Sessione terminata — dir: /home/genolele22/progetti/the-crew
[2026-08-29 19:44] Sessione terminata — dir: /home/genolele22/.claude/projects/-home-genolele22/memory
[2026-08-31 12:28] Sessione terminata — dir: /home/genolele22
[2026-08-31 12:50] Sessione terminata — dir: /home/genolele22
[2026-08-31 13:00] Sessione terminata — dir: /home/genolele22/vvf-ferie-bot
[2026-08-31 13:14] Sessione terminata — dir: /home/genolele22/vvf-ferie-bot
[2026-08-31 13:17] Sessione terminata — dir: /home/genolele22/vvf-ferie-bot
[2026-08-31 17:53] Sessione terminata — dir: /home/genolele22/progetti/the-crew
[2026-08-31 17:54] Sessione terminata — dir: /home/genolele22/progetti/the-crew
[2026-08-31 18:03] Sessione terminata — dir: /home/genolele22/progetti/the-crew
[2026-08-31 18:08] Sessione terminata — dir: /home/genolele22/progetti/the-crew
[2026-08-31 18:13] Sessione terminata — dir: /home/genolele22/progetti/the-crew
[2026-08-31 18:23] Sessione terminata — dir: /home/genolele22/progetti/the-crew
[2026-08-31 18:29] Sessione terminata — dir: /home/genolele22/progetti/the-crew
[2026-08-31 18:32] Sessione terminata — dir: /home/genolele22/progetti/the-crew
[2026-08-31 18:37] Sessione terminata — dir: /home/genolele22/progetti/the-crew
[2026-08-31 19:00] Sessione terminata — dir: /home/genolele22/progetti/the-crew
[2026-08-31 19:08] Sessione terminata — dir: /home/genolele22/progetti/the-crew
[2026-08-31 19:19] Sessione terminata — dir: /home/genolele22/progetti/the-crew
[2026-08-31 19:23] Sessione terminata — dir: /home/genolele22/progetti/the-crew
[2026-08-31 19:35] Sessione terminata — dir: /home/genolele22/progetti/the-crew
[2026-08-31 20:09] Sessione terminata — dir: /home/genolele22/progetti/the-crew
[2026-08-31 20:22] Sessione terminata — dir: /home/genolele22/progetti/the-crew
[2026-08-31 20:40] Sessione terminata — dir: /home/genolele22/progetti/the-crew
[2026-08-31 21:16] Sessione terminata — dir: /home/genolele22/progetti/the-crew
[2026-08-31 21:38] Sessione terminata — dir: /home/genolele22/progetti/the-crew
[2026-08-31 21:43] Sessione terminata — dir: /home/genolele22/progetti/the-crew
[2026-08-31 22:06] Sessione terminata — dir: /home/genolele22/vvf-gestionale
[2026-08-31 22:17] Sessione terminata — dir: /home/genolele22/progetti/the-crew
[2026-08-31 22:19] Sessione terminata — dir: /home/genolele22/progetti/the-crew
[2026-08-31 22:21] Sessione terminata — dir: /home/genolele22/progetti/the-crew
[2026-08-31 22:26] Sessione terminata — dir: /home/genolele22/progetti/the-crew
[2026-08-31 22:31] Sessione terminata — dir: /home/genolele22/progetti/the-crew
[2026-08-31 22:34] Sessione terminata — dir: /home/genolele22/progetti/the-crew
[2026-08-31 22:43] Sessione terminata — dir: /home/genolele22/progetti/the-crew
[2026-08-31 22:45] Sessione terminata — dir: /home/genolele22/progetti/the-crew
[2026-08-31 22:46] Sessione terminata — dir: /home/genolele22/progetti/the-crew
[2026-08-31 22:47] Sessione terminata — dir: /home/genolele22/progetti/the-crew
[2026-09-01 07:30] Sessione terminata — dir: /home/genolele22
[2026-09-01 07:36] Sessione terminata — dir: /home/genolele22/progetti/the-crew
[2026-09-01 07:44] Sessione terminata — dir: /home/genolele22/progetti/the-crew
[2026-09-01 07:56] Sessione terminata — dir: /home/genolele22/progetti/the-crew
[2026-09-01 08:09] Sessione terminata — dir: /home/genolele22/progetti/the-crew
[2026-09-01 08:20] Sessione terminata — dir: /home/genolele22/progetti/the-crew
[2026-09-01 08:25] Sessione terminata — dir: /home/genolele22/progetti/the-crew
[2026-09-01 08:33] Sessione terminata — dir: /home/genolele22/progetti/the-crew
[2026-09-01 08:52] Sessione terminata — dir: /home/genolele22/progetti/the-crew
[2026-09-01 13:57] Sessione terminata — dir: /home/genolele22/progetti/the-crew
[2026-09-01 14:10] Sessione terminata — dir: /home/genolele22/progetti/the-crew
[2026-09-01 14:50] Sessione terminata — dir: /home/genolele22/progetti/the-crew
[2026-09-01 15:13] Sessione terminata — dir: /home/genolele22/progetti/the-crew
[2026-09-02 14:58] Sessione terminata — dir: /home/genolele22
[2026-09-02 14:59] Sessione terminata — dir: /home/genolele22
[2026-09-02 15:00] Sessione terminata — dir: /home/genolele22
[2026-09-02 15:01] Sessione terminata — dir: /home/genolele22
[2026-09-02 15:02] Sessione terminata — dir: /home/genolele22
[2026-09-02 15:04] Sessione terminata — dir: /home/genolele22/progetti/the-crew
[2026-09-02 15:22] Sessione terminata — dir: /home/genolele22/vvf-gestionale/.claude/worktrees/logbook-255-256
[2026-09-02 15:24] Sessione terminata — dir: /home/genolele22/progetti/the-crew
[2026-09-02 15:36] Sessione terminata — dir: /home/genolele22/progetti/the-crew/.claude/worktrees/fix-critici
[2026-09-02 21:59] Sessione terminata — dir: /home/genolele22/progetti/the-crew/.claude/worktrees/fix-critici
[2026-09-02 22:04] Sessione terminata — dir: /home/genolele22/progetti/the-crew/.claude/worktrees/fix-critici
[2026-09-02 22:16] Sessione terminata — dir: /home/genolele22/progetti/the-crew/.claude/worktrees/fix-critici
[2026-09-02 22:45] Sessione terminata — dir: /home/genolele22/progetti/the-crew/.claude/worktrees/fix-critici
[2026-09-02 22:55] Sessione terminata — dir: /home/genolele22/progetti/the-crew/.claude/worktrees/fix-critici
[2026-09-02 23:12] Sessione terminata — dir: /home/genolele22/progetti/the-crew/.claude/worktrees/fix-critici
[2026-09-02 23:37] Sessione terminata — dir: /home/genolele22/progetti/the-crew/.claude/worktrees/fix-critici
[2026-09-02 23:43] Sessione terminata — dir: /home/genolele22/progetti/the-crew/.claude/worktrees/fix-critici
[2026-09-02 23:44] Sessione terminata — dir: /home/genolele22/progetti/the-crew/.claude/worktrees/fix-critici
[2026-09-02 23:55] Sessione terminata — dir: /home/genolele22/progetti/the-crew/.claude/worktrees/fix-critici
[2026-09-03 00:03] Sessione terminata — dir: /home/genolele22/progetti/the-crew/.claude/worktrees/fix-critici
[2026-09-03 00:15] Sessione terminata — dir: /home/genolele22/progetti/the-crew/.claude/worktrees/fix-critici
[2026-09-03 00:17] Sessione terminata — dir: /home/genolele22/progetti/the-crew/.claude/worktrees/fix-critici
[2026-09-03 00:31] Sessione terminata — dir: /home/genolele22/progetti/the-crew/.claude/worktrees/fix-critici
[2026-09-03 02:52] Sessione terminata — dir: /home/genolele22/progetti/the-crew/.claude/worktrees/fix-critici
[2026-09-03 03:04] Sessione terminata — dir: /home/genolele22/progetti/the-crew/.claude/worktrees/fix-critici
